	filename	id	split	dataset	nima	transient
0	99882593_7885044968.jpg	851.0	train	lincoln_memorial_statue	6.118536219000816	0.0741337239742279
1	99520978_4671185056.jpg	850.0	train	lincoln_memorial_statue	5.73831819742918	0.1078287214040756
2	99493891_3011259384.jpg	849.0	train	lincoln_memorial_statue	5.876436773687601	0.0
3	99433944_14001138006.jpg	848.0	train	lincoln_memorial_statue	5.677093088626862	0.00013119954383
4	99410732_4613563073.jpg	847.0	train	lincoln_memorial_statue	6.044723127037287	0.0614791698753833
5	99257940_5422860804.jpg	846.0	train	lincoln_memorial_statue	6.23714012093842	0.07750104367733
6	99097972_11704075074.jpg	845.0	train	lincoln_memorial_statue	5.749580208212137	0.1887616664171219
7	99021348_4631583602.jpg	844.0	train	lincoln_memorial_statue	5.700925912708044	0.1985183805227279
8	98855995_7092591113.jpg	843.0	train	lincoln_memorial_statue	5.574382595717907	0.069055937230587
9	98811732_7173614424.jpg	842.0	train	lincoln_memorial_statue	5.690989777445793	0.0476728379726409
10	98159832_2823293066.jpg	841.0	train	lincoln_memorial_statue	6.317873002961278	0.2521226704120636
11	97858374_2573627048.jpg	840.0	train	lincoln_memorial_statue	5.961731757968664	0.0314058735966682
12	97782178_3133942147.jpg	839.0	train	lincoln_memorial_statue	6.086126454174519	0.1400269418954849
13	97709283_5341686130.jpg	838.0	train	lincoln_memorial_statue	5.964869167655706	0.0
14	97590139_144606968.jpg	837.0	train	lincoln_memorial_statue	5.822094507515431	0.0739037916064262
15	97588439_3898367991.jpg	836.0	train	lincoln_memorial_statue	5.843709237873554	0.0229212213307619
16	97472210_2681291707.jpg	835.0	train	lincoln_memorial_statue	5.786197416484356	0.0
17	97440940_3644116264.jpg	834.0	train	lincoln_memorial_statue	6.112356880679727	0.2617062330245971
18	97282907_2866173537.jpg	833.0	train	lincoln_memorial_statue	6.087473150342703	0.184582307934761
19	97215532_4943410648.jpg	832.0	train	lincoln_memorial_statue	5.975883774459362	0.2559652030467987
20	97176133_6946530668.jpg	831.0	train	lincoln_memorial_statue	5.680900685489178	0.0
21	96661413_593561088.jpg	830.0	train	lincoln_memorial_statue	5.3513004668056965	0.018021535128355
22	96522708_221081567.jpg	829.0	train	lincoln_memorial_statue	6.250567654147744	0.1360471546649933
23	96271143_7279421658.jpg	828.0	train	lincoln_memorial_statue	5.77357654646039	0.2354698777198791
24	96226160_7836430236.jpg	827.0	train	lincoln_memorial_statue	5.784285377711058	0.0004188300808891
25	96222270_209078563.jpg	826.0	train	lincoln_memorial_statue	6.059349238872528	0.0190076902508735
26	96081763_8413775160.jpg	825.0	train	lincoln_memorial_statue	5.568470574915409	0.1445437520742416
27	96041539_3414552661.jpg	824.0	train	lincoln_memorial_statue	6.089369863271713	0.5059205889701843
28	54877052_789475307.jpg	409.0	train	lincoln_memorial_statue	5.591519147157669	0.0
29	54778335_2578833235.jpg	408.0	train	lincoln_memorial_statue	6.294398847967386	0.2007674276828766
30	54735364_4035166078.jpg	407.0	train	lincoln_memorial_statue	5.582003276795149	0.0120717836543917
31	54615999_441985482.jpg	406.0	train	lincoln_memorial_statue	5.782151810824871	0.1358648687601089
32	54600436_3967093280.jpg	405.0	train	lincoln_memorial_statue	5.872378408908844	0.0622291192412376
33	54588827_8644648573.jpg	404.0	train	lincoln_memorial_statue	5.836691305041313	0.1795327365398407
34	54122237_4602822395.jpg	403.0	train	lincoln_memorial_statue	5.560846455395222	0.155517578125
35	54062807_3183634116.jpg	402.0	train	lincoln_memorial_statue	5.793639305979013	1.1123470358143097e-05
36	54047461_4833936386.jpg	401.0	train	lincoln_memorial_statue	5.7278946824371815	0.3083056807518005
37	53755453_2567487483.jpg	400.0	train	lincoln_memorial_statue	5.880345553159714	0.1741509735584259
38	53696992_5215052564.jpg	399.0	train	lincoln_memorial_statue	5.527943577617407	0.0205810330808162
39	53686893_5747510414.jpg	398.0	train	lincoln_memorial_statue	5.907206306234002	0.3695527017116546
40	53572783_8565993973.jpg	397.0	train	lincoln_memorial_statue	6.209909372031689	0.5836811065673828
41	53474755_7553395416.jpg	396.0	train	lincoln_memorial_statue	5.771944761276245	0.0158987622708082
42	53429414_5918156152.jpg	395.0	train	lincoln_memorial_statue	6.3613400477916	0.1205380111932754
43	53374575_7885041276.jpg	394.0	train	lincoln_memorial_statue	6.156499736011028	0.1074070930480957
44	53070199_162054145.jpg	393.0	train	lincoln_memorial_statue	6.112691275775433	0.2836963832378387
45	52846252_2509715195.jpg	392.0	train	lincoln_memorial_statue	6.044074356555939	0.0302228238433599
46	52832246_6946509170.jpg	391.0	train	lincoln_memorial_statue	5.590098358690739	0.0
47	52821823_5596655783.jpg	390.0	train	lincoln_memorial_statue	6.239099262282252	0.2346048057079315
48	52777490_5097989927.jpg	389.0	train	lincoln_memorial_statue	5.742837883532047	0.0
49	52731061_2424656151.jpg	388.0	train	lincoln_memorial_statue	5.828558344393969	0.2654342651367187
50	52701993_4474654793.jpg	387.0	train	lincoln_memorial_statue	6.382775779813528	0.1547871679067611
51	52681061_3513127759.jpg	386.0	train	lincoln_memorial_statue	5.785576589405537	0.1578738689422607
52	52129374_4850905449.jpg	385.0	train	lincoln_memorial_statue	5.2049596309661865	0.0
53	51823980_4597353636.jpg	384.0	train	lincoln_memorial_statue	6.0837852992117405	0.0100844446569681
54	51704798_3966018977.jpg	383.0	train	lincoln_memorial_statue	5.759283430874348	0.0644818246364593
55	51673510_4656664535.jpg	382.0	train	lincoln_memorial_statue	5.433256056159735	0.0
56	51657486_111370855.jpg	381.0	train	lincoln_memorial_statue	5.680535022169352	0.0031592075247317
57	51434136_5752515472.jpg	380.0	train	lincoln_memorial_statue	6.0387866869568825	0.171826884150505
58	51352541_7171724214.jpg	379.0	train	lincoln_memorial_statue	5.608030900359154	0.0177594479173421
59	50673346_7994144293.jpg	378.0	train	lincoln_memorial_statue	5.426710471510887	0.0299117937684059
60	50542681_7877349980.jpg	377.0	train	lincoln_memorial_statue	6.222917815670371	0.1531418263912201
61	50530488_3343367811.jpg	376.0	train	lincoln_memorial_statue	5.464218966662884	0.011484857648611
62	50491900_2454394163.jpg	375.0	train	lincoln_memorial_statue	5.931101534515619	0.2574424743652344
63	50344720_5773885294.jpg	374.0	train	lincoln_memorial_statue	5.450477451086044	0.0021436007227748
64	50318161_9379168458.jpg	373.0	train	lincoln_memorial_statue	5.829995419830084	0.1896393895149231
65	50293735_388470190.jpg	372.0	train	lincoln_memorial_statue	5.812953699380159	0.0819365233182907
66	50118007_4543815124.jpg	371.0	train	lincoln_memorial_statue	6.387251123785973	0.0661092847585678
67	49884266_192812793.jpg	370.0	train	lincoln_memorial_statue	5.297923684120178	0.0028552419971674
68	49868672_13207885545.jpg	369.0	train	lincoln_memorial_statue	5.116029337048531	0.0
69	49764304_6160474456.jpg	368.0	train	lincoln_memorial_statue	6.394902151077986	0.2645839750766754
70	49570523_36898634.jpg	367.0	train	lincoln_memorial_statue	5.916271973401308	0.0150201842188835
71	49494424_2173049817.jpg	366.0	train	lincoln_memorial_statue	5.48813758417964	0.002010331954807
72	49036983_4958398381.jpg	365.0	train	lincoln_memorial_statue	6.0371754467487335	0.168289914727211
73	48951754_2967090292.jpg	364.0	train	lincoln_memorial_statue	5.62205296754837	0.1683124899864196
74	48886010_8223072110.jpg	363.0	train	lincoln_memorial_statue	5.5065438486635685	0.1342104524374008
75	48713744_4656669345.jpg	362.0	train	lincoln_memorial_statue	6.137337321415544	0.1670426726341247
76	48597821_304565382.jpg	361.0	train	lincoln_memorial_statue	5.5108461156487465	0.0
77	48327534_6781152298.jpg	360.0	train	lincoln_memorial_statue	5.294521488249302	0.0
78	48312153_3583193497.jpg	359.0	train	lincoln_memorial_statue	6.2786146476864815	0.4195571541786194
79	48078808_3305068611.jpg	358.0	train	lincoln_memorial_statue	5.643185637891293	0.0065471129491925
80	48044057_5288369697.jpg	357.0	train	lincoln_memorial_statue	5.688613012433052	0.0046509532257914
81	48008966_2997930031.jpg	356.0	train	lincoln_memorial_statue	5.417697198688984	1.2649708878598176e-05
82	47849287_4598047233.jpg	355.0	train	lincoln_memorial_statue	6.320322699844837	0.2565857470035553
83	47828628_5705969562.jpg	354.0	train	lincoln_memorial_statue	5.973924580961466	0.4276065528392792
84	47723331_13243637303.jpg	353.0	train	lincoln_memorial_statue	5.473975211381912	0.0010848846286535
85	47533145_5946015999.jpg	352.0	train	lincoln_memorial_statue	5.020948715507984	0.0
86	47468319_848174578.jpg	351.0	train	lincoln_memorial_statue	5.634266201406717	0.1579165607690811
87	47442028_4878030540.jpg	350.0	train	lincoln_memorial_statue	6.330271396785975	0.459973931312561
88	47398414_8726665576.jpg	349.0	train	lincoln_memorial_statue	6.100888393819332	0.2124973386526107
89	47383152_8703827307.jpg	348.0	train	lincoln_memorial_statue	6.432334069162607	0.0932595133781433
90	47375184_3696903577.jpg	347.0	train	lincoln_memorial_statue	6.181841213256121	0.1048849672079086
91	47321659_5651026926.jpg	346.0	train	lincoln_memorial_statue	5.799683198332787	0.1047535762190818
92	47215209_7723554628.jpg	345.0	train	lincoln_memorial_statue	5.887412965297699	0.1049074381589889
93	47201100_3776507755.jpg	344.0	train	lincoln_memorial_statue	6.011164857074618	0.0588244870305061
94	46984323_2163783955.jpg	343.0	train	lincoln_memorial_statue	5.047366410493851	0.0010289222700521
95	46785350_421026561.jpg	342.0	train	lincoln_memorial_statue	5.378840088844299	0.0203043408691883
96	46652107_1533034618.jpg	341.0	train	lincoln_memorial_statue	5.879056498408318	0.0256380401551723
97	46644731_4772610948.jpg	340.0	train	lincoln_memorial_statue	4.5088105499744415	0.0
98	46497456_7877351350.jpg	339.0	train	lincoln_memorial_statue	6.2933520916849375	0.2108490616083145
99	46262717_8138738473.jpg	338.0	train	lincoln_memorial_statue	4.8324673771858215	0.0633327290415763
100	46176813_1551781483.jpg	337.0	train	lincoln_memorial_statue	6.002512603998184	0.0837868750095367
101	46066433_3180338661.jpg	336.0	train	lincoln_memorial_statue	6.192368425428867	0.4201198518276214
102	45939659_347963703.jpg	335.0	train	lincoln_memorial_statue	5.728551778942347	0.1614397019147873
103	45888706_3698196258.jpg	334.0	train	lincoln_memorial_statue	5.611342415213585	0.1016935929656028
104	45798072_3029551285.jpg	333.0	train	lincoln_memorial_statue	5.843500878661871	0.040143646299839
105	45743808_4490308267.jpg	332.0	train	lincoln_memorial_statue	5.561200607568026	0.0471003614366054
106	45630002_12464525165.jpg	331.0	train	lincoln_memorial_statue	5.794391755014658	0.1083707213401794
107	45333257_7532622382.jpg	330.0	train	lincoln_memorial_statue	6.02424156293273	0.0883048325777053
108	45325847_7055303893.jpg	329.0	train	lincoln_memorial_statue	5.702382497489452	0.2553849220275879
109	45187662_5881766230.jpg	328.0	train	lincoln_memorial_statue	6.116190630942583	0.1748633533716201
110	45089573_2509721811.jpg	327.0	train	lincoln_memorial_statue	6.022441137582064	0.1563129425048828
111	45056557_7150749887.jpg	326.0	train	lincoln_memorial_statue	5.235175304114819	0.0
112	45037475_8396709571.jpg	325.0	train	lincoln_memorial_statue	5.677744124084711	0.0309381056576967
113	44943351_5316237356.jpg	324.0	train	lincoln_memorial_statue	5.537442430853844	0.0518127828836441
114	44927895_4377127964.jpg	323.0	train	lincoln_memorial_statue	6.294017434120178	0.0370531715452671
115	44904301_532765055.jpg	322.0	train	lincoln_memorial_statue	6.055928111076355	0.1326160579919815
116	44887058_4676289309.jpg	321.0	train	lincoln_memorial_statue	5.68132371455431	0.0
117	44727312_5877128861.jpg	320.0	train	lincoln_memorial_statue	5.949968159198761	0.0153657337650656
118	44565198_6327724328.jpg	319.0	train	lincoln_memorial_statue	6.054850582033396	0.0985513255000114
119	44543766_4988009197.jpg	318.0	train	lincoln_memorial_statue	5.6405819691717625	0.1948557645082473
120	44500203_563098746.jpg	317.0	train	lincoln_memorial_statue	6.049451306462288	0.5153384208679199
121	44321125_308130438.jpg	316.0	train	lincoln_memorial_statue	5.766483977437019	0.0003408789634704
122	43881603_10018525955.jpg	315.0	train	lincoln_memorial_statue	5.972786169499159	0.1671916097402572
123	43659203_4698522460.jpg	314.0	train	lincoln_memorial_statue	5.7942556999623775	0.0846748799085617
124	43508548_6814413053.jpg	313.0	train	lincoln_memorial_statue	6.222424134612083	0.1593358665704727
125	42840947_5877691390.jpg	312.0	train	lincoln_memorial_statue	6.31501979380846	0.1347465515136718
126	42545448_1439684747.jpg	310.0	train	lincoln_memorial_statue	5.704349331557751	0.2143679112195968
127	42535169_6199067119.jpg	309.0	train	lincoln_memorial_statue	5.197848409414291	0.1506540179252624
128	42528906_2548689901.jpg	308.0	train	lincoln_memorial_statue	6.0043138191103935	0.1238096207380294
129	42445897_2831871512.jpg	307.0	train	lincoln_memorial_statue	5.7643030770123005	0.0455373339354991
130	42391622_3971017916.jpg	306.0	train	lincoln_memorial_statue	5.698492992669344	0.1106369867920875
131	42297097_8059319859.jpg	305.0	train	lincoln_memorial_statue	5.80595326423645	0.257626861333847
132	42100209_4586201584.jpg	304.0	train	lincoln_memorial_statue	4.741238743066788	0.0
133	42025522_2429794709.jpg	303.0	train	lincoln_memorial_statue	5.712865762412548	0.2760412395000458
134	41855998_2443003947.jpg	302.0	train	lincoln_memorial_statue	5.54789649695158	0.1221215575933456
135	41828677_5595084480.jpg	301.0	train	lincoln_memorial_statue	5.9449293166399	0.1118157282471656
136	41656295_450195433.jpg	300.0	test	lincoln_memorial_statue	6.213221441954374	0.0015144069911912
137	41013864_7006260401.jpg	299.0	train	lincoln_memorial_statue	5.507802367210388	0.0199577417224645
138	40839295_6604194151.jpg	298.0	train	lincoln_memorial_statue	4.595488786697388	0.0
139	40632205_5552444584.jpg	297.0	train	lincoln_memorial_statue	5.650334112346172	0.0
140	40330049_2419746326.jpg	296.0	train	lincoln_memorial_statue	6.092368740588427	0.29585000872612
141	40043856_6766751265.jpg	295.0	train	lincoln_memorial_statue	6.344816628843546	0.3443204760551452
142	39840450_9458454489.jpg	294.0	train	lincoln_memorial_statue	5.77309387922287	0.042924840003252
143	39441673_13896154994.jpg	293.0	train	lincoln_memorial_statue	5.736346565186977	0.1144943982362747
144	39384710_5978985817.jpg	292.0	train	lincoln_memorial_statue	5.602520104497671	0.1619881987571716
145	39123753_2937586204.jpg	291.0	train	lincoln_memorial_statue	5.978794250637293	0.1001673638820648
146	39053617_5883995662.jpg	290.0	train	lincoln_memorial_statue	5.719669815152884	0.215595930814743
147	38683546_2053703916.jpg	289.0	train	lincoln_memorial_statue	5.575967077165842	0.0038124937564134
148	38475416_6156713849.jpg	288.0	train	lincoln_memorial_statue	6.251802910119295	0.2114546447992324
149	38459129_165176983.jpg	287.0	train	lincoln_memorial_statue	5.729489199817181	0.0
150	38437567_5137249577.jpg	286.0	train	lincoln_memorial_statue	6.31428078468889	0.4034994542598724
151	38341478_2919299141.jpg	285.0	train	lincoln_memorial_statue	6.351250819861889	0.2315831780433654
152	38309704_10569908794.jpg	284.0	train	lincoln_memorial_statue	5.728146463632584	0.2897575795650482
153	38301161_5021540811.jpg	283.0	train	lincoln_memorial_statue	6.088776562362909	0.0078188832849264
154	38207682_2230071122.jpg	282.0	train	lincoln_memorial_statue	6.109134875237942	0.1617798060178756
155	37991268_2964303301.jpg	281.0	train	lincoln_memorial_statue	5.329076834022999	0.0
156	37984103_503910065.jpg	280.0	train	lincoln_memorial_statue	5.9261383935809135	0.0436553694307804
157	37963993_5506065923.jpg	279.0	train	lincoln_memorial_statue	5.805417999625206	0.0016466511879116
158	37752138_2290706859.jpg	278.0	train	lincoln_memorial_statue	5.945012116804719	0.2888853251934051
159	37626986_10874662824.jpg	277.0	train	lincoln_memorial_statue	5.647701516747475	0.0641026198863983
160	37581250_5918452443.jpg	276.0	train	lincoln_memorial_statue	6.255077354609966	0.1444857716560363
161	37473297_6860213847.jpg	275.0	train	lincoln_memorial_statue	5.940662082284689	0.0073235766030848
162	37418881_3790261990.jpg	274.0	train	lincoln_memorial_statue	5.499856811016798	0.0490583404898643
163	37252380_6108743207.jpg	273.0	train	lincoln_memorial_statue	4.8074024990201	0.0289078168570995
164	37062237_5136002484.jpg	272.0	train	lincoln_memorial_statue	6.104642454534769	0.2257724404335022
165	37017316_2755138396.jpg	271.0	train	lincoln_memorial_statue	6.422469357028604	0.3177925944328308
166	36628739_3583660481.jpg	270.0	train	lincoln_memorial_statue	6.176534958183765	0.197032481431961
167	36504659_306960313.jpg	269.0	train	lincoln_memorial_statue	6.045169983059168	0.1131815761327743
168	36394684_3623538711.jpg	268.0	train	lincoln_memorial_statue	5.891271568834782	0.2113620936870575
169	36379402_9794028966.jpg	267.0	train	lincoln_memorial_statue	5.189150981605053	0.0463333800435066
170	36376168_2152834901.jpg	266.0	train	lincoln_memorial_statue	5.94479801133275	0.0
171	36329563_7396408574.jpg	265.0	train	lincoln_memorial_statue	5.452019557356834	0.0708465054631233
172	36204391_24161076.jpg	264.0	train	lincoln_memorial_statue	5.9497821647673845	0.1218718439340591
173	36102683_8981106019.jpg	263.0	train	lincoln_memorial_statue	5.934244349598885	0.1402308493852615
174	35934584_3155969263.jpg	262.0	train	lincoln_memorial_statue	5.213333263993263	0.0
175	35759568_159956755.jpg	261.0	train	lincoln_memorial_statue	6.141070164740086	0.1652334630489349
176	35468051_11160436213.jpg	260.0	train	lincoln_memorial_statue	6.093490552157164	0.058197796344757
177	35438832_5772577413.jpg	259.0	train	lincoln_memorial_statue	5.942890487611294	0.0007028472027741
178	35418640_355036860.jpg	258.0	train	lincoln_memorial_statue	5.02598524838686	0.4299075305461883
179	35399286_4698515264.jpg	257.0	train	lincoln_memorial_statue	5.804003119468689	0.0622193589806556
180	35227427_3863270123.jpg	256.0	train	lincoln_memorial_statue	6.602526448667049	0.1830786168575287
181	35101410_6929321177.jpg	255.0	train	lincoln_memorial_statue	5.775667078793049	0.0611083023250103
182	35034738_364246843.jpg	254.0	train	lincoln_memorial_statue	5.796228565275669	0.1838463693857193
183	34794890_8565991705.jpg	253.0	train	lincoln_memorial_statue	5.977327764034271	0.2929636538028717
184	34605922_188423950.jpg	252.0	train	lincoln_memorial_statue	5.560065142810345	0.0415274053812027
185	34490678_6154836710.jpg	251.0	train	lincoln_memorial_statue	6.135114848613739	0.1211845427751541
186	34413339_3677091830.jpg	250.0	train	lincoln_memorial_statue	6.563658781349659	0.42235267162323
187	34318656_7092581427.jpg	249.0	train	lincoln_memorial_statue	5.584258832037449	0.0078334659337997
188	34270554_9230096185.jpg	248.0	train	lincoln_memorial_statue	5.542724467813969	0.0498528406023979
189	34191540_8494898631.jpg	247.0	train	lincoln_memorial_statue	5.325656287372112	0.0422147288918495
190	34166053_6168735411.jpg	246.0	train	lincoln_memorial_statue	5.663755148649216	0.1132362186908721
191	34163229_5127201841.jpg	245.0	train	lincoln_memorial_statue	5.748761843889952	0.0035441280342638
192	34113450_1450284809.jpg	244.0	train	lincoln_memorial_statue	6.111110042780638	0.1669086217880249
193	33905156_10379878755.jpg	243.0	train	lincoln_memorial_statue	6.232957094907761	0.2159359157085418
194	33602489_4598043375.jpg	242.0	train	lincoln_memorial_statue	6.357260322198272	0.1146264597773552
195	33221600_3383608657.jpg	241.0	train	lincoln_memorial_statue	5.698757115751505	0.0425616726279258
196	32892116_8197625237.jpg	240.0	train	lincoln_memorial_statue	5.700111646205187	0.0846463590860366
197	32794744_6225433038.jpg	239.0	train	lincoln_memorial_statue	5.8427369855344296	0.1657414585351944
198	32604671_8567094532.jpg	238.0	train	lincoln_memorial_statue	5.975156702101231	0.1674254238605499
199	32565289_6975402337.jpg	237.0	train	lincoln_memorial_statue	5.952710919082165	0.3080692589282989
200	32283917_8002907211.jpg	236.0	train	lincoln_memorial_statue	5.934168178588152	0.1373247951269149
201	32230156_5923220055.jpg	235.0	train	lincoln_memorial_statue	6.1833649054169655	0.1054201498627662
202	31818133_5552273196.jpg	234.0	train	lincoln_memorial_statue	6.418178491294384	0.1143880560994148
203	31634323_2907113876.jpg	233.0	train	lincoln_memorial_statue	6.0893030390143394	1.3645375247506308e-06
204	31632272_3466221447.jpg	232.0	train	lincoln_memorial_statue	5.360692523419857	0.0
205	31560890_4451869767.jpg	231.0	train	lincoln_memorial_statue	5.464882053434849	0.2123792916536331
206	31418708_264610937.jpg	230.0	train	lincoln_memorial_statue	6.544410375878215	0.1682390421628952
207	31178301_2209376149.jpg	229.0	train	lincoln_memorial_statue	5.841529257595539	0.1122640073299408
208	30937562_6976972204.jpg	228.0	train	lincoln_memorial_statue	5.749297704547644	0.28652223944664
209	30923610_4562446576.jpg	227.0	train	lincoln_memorial_statue	5.765735376626253	0.1950121968984604
210	30902835_3429959775.jpg	226.0	train	lincoln_memorial_statue	6.68411466665566	0.2486689686775207
211	30895464_8156195961.jpg	225.0	train	lincoln_memorial_statue	5.63482566177845	0.000655245152302
212	30677631_2705422822.jpg	224.0	train	lincoln_memorial_statue	5.616523124277592	4.353030817583203e-05
213	30595210_6081378251.jpg	223.0	train	lincoln_memorial_statue	5.948267117142677	0.2664691805839538
214	30039302_2691795556.jpg	222.0	train	lincoln_memorial_statue	5.85347293689847	0.2511791586875915
215	29814108_3426240716.jpg	221.0	train	lincoln_memorial_statue	5.8811299577355385	0.0020382970105856
216	29811071_2679227540.jpg	220.0	train	lincoln_memorial_statue	6.1105457581579685	0.1097099557518959
217	29760929_568380879.jpg	219.0	train	lincoln_memorial_statue	5.658930398523808	0.0898229405283927
218	29752276_111794669.jpg	218.0	train	lincoln_memorial_statue	5.691401917487383	0.0953728929162025
219	29553799_2288125699.jpg	217.0	train	lincoln_memorial_statue	5.837542839348316	0.2458797693252563
220	29533686_6412636905.jpg	216.0	train	lincoln_memorial_statue	5.244743652641773	0.0028411271050572
221	29505393_5589315729.jpg	215.0	train	lincoln_memorial_statue	5.814341463148594	0.2637342512607574
222	29473811_3495813909.jpg	214.0	train	lincoln_memorial_statue	6.1841768473386765	0.1062429398298263
223	29393351_7868581574.jpg	213.0	train	lincoln_memorial_statue	6.058126531541348	0.129129871726036
224	29362418_8175477730.jpg	212.0	train	lincoln_memorial_statue	6.165707040578127	0.4167890250682831
225	29326653_598978130.jpg	211.0	train	lincoln_memorial_statue	5.520433247089386	0.0559692308306694
226	28493739_7144738253.jpg	210.0	train	lincoln_memorial_statue	5.86359528452158	0.0875800028443336
227	28418622_7285154614.jpg	209.0	train	lincoln_memorial_statue	6.1583876349031925	0.0661337003111839
228	28314737_4130760315.jpg	208.0	train	lincoln_memorial_statue	6.561190195381641	0.5662043690681458
229	28255428_2899793835.jpg	207.0	train	lincoln_memorial_statue	5.632618337869644	0.1300971060991287
230	28091227_8002910526.jpg	206.0	train	lincoln_memorial_statue	5.950793229043484	0.0684083551168441
231	27500078_708475084.jpg	205.0	train	lincoln_memorial_statue	5.941946245729923	0.1025750637054443
232	27332396_5539357539.jpg	204.0	train	lincoln_memorial_statue	6.448310831561685	0.1654079705476761
233	27325210_3263877805.jpg	203.0	train	lincoln_memorial_statue	5.4447849206626415	0.0
234	27309940_6322652664.jpg	202.0	train	lincoln_memorial_statue	6.257153548300266	0.355859637260437
235	27146844_6829288242.jpg	201.0	train	lincoln_memorial_statue	6.441569200716913	0.2418455779552459
236	27055897_2767063959.jpg	200.0	train	lincoln_memorial_statue	6.009478148072958	0.116925448179245
237	26969229_134199394.jpg	199.0	train	lincoln_memorial_statue	6.233884055167437	0.386272668838501
238	12626634_6957922551.jpg	96.0	train	lincoln_memorial_statue	6.590675970539451	0.2261238694190979
239	12617247_3365947828.jpg	95.0	train	lincoln_memorial_statue	5.536183550953865	0.0486564561724662
240	12428051_393567833.jpg	94.0	train	lincoln_memorial_statue	5.847099050879479	0.0006862597074359
241	12091885_13896143364.jpg	93.0	train	lincoln_memorial_statue	5.562410097569227	0.0557201169431209
242	12047438_7877361322.jpg	92.0	train	lincoln_memorial_statue	6.364000719040632	0.177971675992012
243	11977867_3430664570.jpg	91.0	train	lincoln_memorial_statue	5.680993311107159	0.0
244	11851277_2630742158.jpg	90.0	train	lincoln_memorial_statue	5.528771728277206	0.0040846946649253
245	11808021_5072937955.jpg	89.0	train	lincoln_memorial_statue	5.011040329933167	0.0
246	11782726_6030895202.jpg	88.0	train	lincoln_memorial_statue	5.906688615679741	0.3860779702663421
247	11631568_2723758018.jpg	87.0	train	lincoln_memorial_statue	5.820111386477947	0.0
248	11508516_1132466458.jpg	86.0	train	lincoln_memorial_statue	5.780048873275518	0.0
249	11415465_3503886100.jpg	85.0	train	lincoln_memorial_statue	5.566336564719677	0.1592619121074676
250	11374957_36898726.jpg	84.0	train	lincoln_memorial_statue	5.715035647153854	0.0286930669099092
251	11067929_450923618.jpg	83.0	train	lincoln_memorial_statue	5.328120969235897	0.2756156623363495
252	11008423_235398647.jpg	82.0	train	lincoln_memorial_statue	5.82167899236083	0.0
253	10684223_6877403956.jpg	81.0	train	lincoln_memorial_statue	5.781796291470528	0.1351520121097564
254	10314798_6157268732.jpg	80.0	train	lincoln_memorial_statue	5.574326056987047	0.226941168308258
255	10158581_2893292310.jpg	79.0	train	lincoln_memorial_statue	5.46658281236887	0.0
256	10095801_2253484203.jpg	78.0	train	lincoln_memorial_statue	5.375611074268818	0.0222710315138101
257	10093576_3699240011.jpg	77.0	train	lincoln_memorial_statue	5.17782648652792	0.0769834443926811
258	09793828_5399172156.jpg	76.0	train	lincoln_memorial_statue	5.392343521118164	0.2014327049255371
259	09719565_7812715282.jpg	75.0	train	lincoln_memorial_statue	5.853198446333408	0.0699917301535606
260	09461115_7885042478.jpg	74.0	train	lincoln_memorial_statue	6.0969561487436295	0.0890600010752677
261	09362295_7032183727.jpg	73.0	train	lincoln_memorial_statue	6.030861672013998	0.0729974284768104
262	09262012_4695182640.jpg	72.0	train	lincoln_memorial_statue	5.973830536007881	0.2239545285701751
263	09245044_3371099499.jpg	71.0	train	lincoln_memorial_statue	5.90662969648838	0.1961189955472946
264	08981107_8897818606.jpg	70.0	train	lincoln_memorial_statue	5.938146263360977	0.1210851967334747
265	08953896_3367363452.jpg	69.0	train	lincoln_memorial_statue	5.93713916093111	0.0150142395868897
266	08946559_3412800615.jpg	68.0	train	lincoln_memorial_statue	5.350364722311497	0.0004333150864113
267	08878999_2163507381.jpg	67.0	train	lincoln_memorial_statue	5.4631737023592	0.0
268	08805134_1828131897.jpg	66.0	train	lincoln_memorial_statue	5.417546167969704	0.0061990334652364
269	08801430_3548098752.jpg	65.0	train	lincoln_memorial_statue	5.581516034901142	0.1686677783727646
270	08552438_299837080.jpg	64.0	train	lincoln_memorial_statue	5.9244114719331264	0.1425538808107376
271	08511623_5580717397.jpg	63.0	train	lincoln_memorial_statue	5.8041276931762695	0.1312287896871566
272	08252747_6830140360.jpg	62.0	train	lincoln_memorial_statue	6.048332214355469	0.186433732509613
273	07862310_6091245702.jpg	61.0	train	lincoln_memorial_statue	6.467234686017036	0.1071487367153167
274	07734910_4585577491.jpg	60.0	train	lincoln_memorial_statue	6.107637718319893	0.1224025040864944
275	07628932_8136644613.jpg	59.0	train	lincoln_memorial_statue	5.4536817371845245	0.0
276	07625502_5236337517.jpg	58.0	train	lincoln_memorial_statue	6.026650212705135	0.0686971694231033
277	07623661_4396998352.jpg	57.0	train	lincoln_memorial_statue	5.499456949532032	0.0
278	07595537_7463572338.jpg	56.0	train	lincoln_memorial_statue	6.299289874732494	0.4514362514019012
279	07346760_6957727799.jpg	55.0	train	lincoln_memorial_statue	5.98737059533596	0.2486080378293991
280	07336943_3621874961.jpg	54.0	train	lincoln_memorial_statue	5.876447603106499	0.0033386882860213
281	07332931_3261288955.jpg	53.0	train	lincoln_memorial_statue	4.676559820771217	0.0
282	07267493_5554170933.jpg	52.0	train	lincoln_memorial_statue	6.386497266590595	0.1357064992189407
283	07258441_778685476.jpg	51.0	train	lincoln_memorial_statue	6.23943598382175	0.2828217446804046
284	07184091_5692013377.jpg	50.0	train	lincoln_memorial_statue	5.253604792058468	0.0
285	07023000_3615880869.jpg	49.0	train	lincoln_memorial_statue	5.868419824168086	0.151544451713562
286	06924650_2885801065.jpg	48.0	train	lincoln_memorial_statue	5.7743212804198265	0.1308614462614059
287	06921452_9027346137.jpg	47.0	train	lincoln_memorial_statue	6.154141157865524	0.2358807474374771
288	03670670_5410348951.jpg	22.0	train	lincoln_memorial_statue	5.370792478322983	0.0951795279979705
289	03518714_5846844084.jpg	21.0	train	lincoln_memorial_statue	5.946198090910912	0.3456097841262817
290	03249325_2081550585.jpg	20.0	train	lincoln_memorial_statue	5.829892203211784	0.0802929326891899
291	03222020_5174172744.jpg	19.0	train	lincoln_memorial_statue	6.024891160428524	0.0264676641672849
292	03018345_6708595111.jpg	18.0	train	lincoln_memorial_statue	5.651827935129404	0.0
293	02849333_2627773943.jpg	17.0	train	lincoln_memorial_statue	5.866519890725613	0.0831768959760665
294	02778342_12648320825.jpg	16.0	train	lincoln_memorial_statue	5.751016426831484	0.0
295	02147562_7180435655.jpg	15.0	train	lincoln_memorial_statue	5.642420347779989	0.089002825319767
296	02132161_1606956990.jpg	14.0	train	lincoln_memorial_statue	5.7755315490067005	0.0652224123477935
297	02059343_4741625574.jpg	13.0	train	lincoln_memorial_statue	5.933961119502783	0.0875192806124687
298	01928816_3615848611.jpg	12.0	train	lincoln_memorial_statue	5.842326454818249	0.0238684918731451
299	01766666_3914310207.jpg	11.0	train	lincoln_memorial_statue	6.268642079085112	0.2398935258388519
300	00924277_2300346048.jpg	4.0	train	lincoln_memorial_statue	5.7045969776809216	0.0
301	00914763_2501438015.jpg	3.0	train	lincoln_memorial_statue	5.209857262670994	0.0006237174384295
302	00686276_3154340445.jpg	2.0	train	lincoln_memorial_statue	5.555194273591042	0.0913621708750724
303	00685079_3422357679.jpg	1.0	train	lincoln_memorial_statue	5.643460653722286	0.200913205742836
304	01148201_2002025315.jpg	5.0	train	lincoln_memorial_statue	5.619792111217976	0.0267132427543401
305	01294743_8225782048.jpg	6.0	train	lincoln_memorial_statue	5.922791101038456	0.1971882730722427
306	01430156_1571233342.jpg	7.0	train	lincoln_memorial_statue	5.642852772027254	0.0066453916952013
307	01498300_268387363.jpg	8.0	train	lincoln_memorial_statue	6.0746586956083775	0.0723719671368599
308	01571120_3584004650.jpg	9.0	train	lincoln_memorial_statue	6.486221436411142	0.5580056309700012
309	01673983_4399099111.jpg	10.0	train	lincoln_memorial_statue	5.260971795767546	0.0285477489233016
310	03761674_4598051029.jpg	23.0	train	lincoln_memorial_statue	5.570519182831049	0.1719298213720321
311	03808205_2685585550.jpg	24.0	train	lincoln_memorial_statue	5.957219071686268	0.2205996066331863
312	03889883_9939923093.jpg	25.0	train	lincoln_memorial_statue	6.157653219997883	0.0012193262809887
313	03973389_5554221717.jpg	26.0	train	lincoln_memorial_statue	6.492501838132739	0.2229165583848953
314	04008499_2768321579.jpg	27.0	train	lincoln_memorial_statue	5.453431159257889	0.0
315	04103978_2374882675.jpg	28.0	train	lincoln_memorial_statue	5.656124457716942	0.047206588089466
316	04200207_5398249608.jpg	29.0	train	lincoln_memorial_statue	5.9929976798594	0.1941893398761749
317	04586800_789472671.jpg	30.0	train	lincoln_memorial_statue	6.097828522324562	0.2438812553882599
318	04668570_8921824.jpg	31.0	train	lincoln_memorial_statue	5.982388839125633	0.0139136631041765
319	04903352_2256408581.jpg	32.0	train	lincoln_memorial_statue	5.405586674809456	0.0429447963833808
320	05212363_3008622970.jpg	33.0	train	lincoln_memorial_statue	6.301812879741192	0.1324246525764465
321	05298275_9440909485.jpg	34.0	train	lincoln_memorial_statue	5.563337072730064	0.0
322	05407436_2398428686.jpg	35.0	train	lincoln_memorial_statue	5.780378263443708	0.0
323	05520409_6237895599.jpg	36.0	train	lincoln_memorial_statue	5.975663233548403	0.0722017288208007
324	05558349_7775608746.jpg	37.0	train	lincoln_memorial_statue	5.296065866947174	3.894514520652592e-05
325	05598447_14061296933.jpg	38.0	train	lincoln_memorial_statue	6.100001715123653	0.1353225409984588
326	05737592_3838776850.jpg	39.0	train	lincoln_memorial_statue	6.023748196661472	0.1456512361764907
327	05841596_3429959917.jpg	40.0	train	lincoln_memorial_statue	5.786766644567251	0.0033178783487528
328	05845947_5728426592.jpg	41.0	train	lincoln_memorial_statue	5.977243360131979	0.4693602621555328
329	05848112_3400529348.jpg	42.0	train	lincoln_memorial_statue	5.476809415966272	0.0522317700088024
330	06145326_8034511040.jpg	43.0	train	lincoln_memorial_statue	5.44862063229084	0.1013262346386909
331	06180437_484488967.jpg	44.0	test	lincoln_memorial_statue	6.256568672135472	0.0
332	06510654_9173988603.jpg	45.0	train	lincoln_memorial_statue	5.498875543475151	0.094432033598423
333	06803523_1476985272.jpg	46.0	train	lincoln_memorial_statue	4.988600000739098	0.0
334	13082955_8089971716.jpg	97.0	train	lincoln_memorial_statue	5.921786081045866	0.0
335	13404519_2572224770.jpg	98.0	train	lincoln_memorial_statue	5.941671643406153	0.0451597534120082
336	13576279_12257175066.jpg	99.0	train	lincoln_memorial_statue	6.068082831799984	0.4230766296386719
337	13702616_5846429775.jpg	100.0	train	lincoln_memorial_statue	5.700443025678396	0.0722584128379821
338	14089740_1326633562.jpg	101.0	train	lincoln_memorial_statue	6.106550388038158	0.1392136663198471
339	14235312_4141085828.jpg	102.0	train	lincoln_memorial_statue	4.6394699066877365	0.02216680906713
340	14802963_10499007556.jpg	103.0	train	lincoln_memorial_statue	5.26671377569437	0.0
341	14978128_6956766134.jpg	104.0	train	lincoln_memorial_statue	5.620887782424688	0.0
342	15007924_2415944240.jpg	105.0	train	lincoln_memorial_statue	5.914163630455732	0.024304412305355
343	15037063_883222610.jpg	106.0	train	lincoln_memorial_statue	5.585021659731865	0.2789444327354431
344	15234189_662679772.jpg	107.0	train	lincoln_memorial_statue	6.596387630328536	0.5731296539306641
345	15288225_8665822989.jpg	108.0	train	lincoln_memorial_statue	5.72686854749918	0.1500217765569687
346	15581874_4781293889.jpg	109.0	train	lincoln_memorial_statue	5.763695850968361	0.0012816514354199
347	15720567_614981065.jpg	110.0	train	lincoln_memorial_statue	6.076001055538654	0.0777076110243797
348	15979184_321701366.jpg	111.0	train	lincoln_memorial_statue	6.215806558728218	0.1615782082080841
349	16034437_434037430.jpg	112.0	train	lincoln_memorial_statue	6.048709753900766	0.4331824481487274
350	16418545_6750634541.jpg	113.0	train	lincoln_memorial_statue	6.091386143118143	0.1633435636758804
351	16741581_9092302207.jpg	114.0	train	lincoln_memorial_statue	6.377389315515757	0.4470941126346588
352	16770484_7836429844.jpg	115.0	train	lincoln_memorial_statue	6.190154168754816	0.4739491641521454
353	16773654_1865117005.jpg	116.0	train	lincoln_memorial_statue	6.250704273581505	0.1651321798563003
354	16790473_2236747668.jpg	117.0	train	lincoln_memorial_statue	5.424675200134516	0.0
355	16906427_9230971629.jpg	118.0	train	lincoln_memorial_statue	5.794700190424919	0.0993994921445846
356	16952887_5048578851.jpg	119.0	train	lincoln_memorial_statue	4.760844990611076	0.0
357	17049278_8221998737.jpg	120.0	train	lincoln_memorial_statue	5.813174333423376	0.2100151777267456
358	17235116_3670762328.jpg	121.0	train	lincoln_memorial_statue	6.1772558726370335	0.2440478503704071
359	17298108_4573356556.jpg	122.0	train	lincoln_memorial_statue	5.516593873500824	0.0010487586259841
360	17318660_7986785718.jpg	123.0	train	lincoln_memorial_statue	6.071115497499704	0.2645755708217621
361	17563060_5552273642.jpg	124.0	train	lincoln_memorial_statue	6.255676100030541	0.1030547991394996
362	17839672_13371641013.jpg	125.0	train	lincoln_memorial_statue	5.807795219123364	0.2378844022750854
363	17857802_544651804.jpg	126.0	train	lincoln_memorial_statue	6.027768950909376	0.0039853462949395
364	17891320_3166320317.jpg	127.0	train	lincoln_memorial_statue	6.121628608554602	0.1333359330892563
365	18116464_3807089815.jpg	128.0	train	lincoln_memorial_statue	5.625215321779251	0.0
366	18117607_4658275939.jpg	129.0	train	lincoln_memorial_statue	5.823146436363459	0.260195642709732
367	18186569_3987719501.jpg	130.0	train	lincoln_memorial_statue	6.075453681871295	0.1103225126862526
368	18206960_3870086816.jpg	131.0	train	lincoln_memorial_statue	5.813489712774754	0.0300613399595022
369	18350939_3569121838.jpg	132.0	train	lincoln_memorial_statue	5.603951942175627	0.0001561399258207
370	18385512_5134447435.jpg	133.0	train	lincoln_memorial_statue	5.288259625434876	0.0
371	18437883_5922880181.jpg	134.0	train	lincoln_memorial_statue	6.248651398345828	0.1591570377349853
372	18642195_2925519606.jpg	135.0	train	lincoln_memorial_statue	5.947853375226259	0.3948711454868316
373	18831363_5570262760.jpg	136.0	train	lincoln_memorial_statue	6.365105118602514	0.1347000896930694
374	19206100_253938682.jpg	137.0	train	lincoln_memorial_statue	5.84986437112093	0.0038663195446133
375	19621770_137207442.jpg	138.0	train	lincoln_memorial_statue	5.643946696072817	0.0
376	19628229_2484076061.jpg	139.0	train	lincoln_memorial_statue	6.111247684806585	0.2004734575748443
377	19640570_3285362550.jpg	140.0	train	lincoln_memorial_statue	5.8994051069021225	0.4433925449848175
378	19792404_6210236940.jpg	141.0	train	lincoln_memorial_statue	5.281872965395451	0.0908356755971908
379	19872765_3693280768.jpg	142.0	train	lincoln_memorial_statue	5.609212052077055	0.0867127925157547
380	19945218_2947647393.jpg	143.0	train	lincoln_memorial_statue	5.704698458313942	0.0945079773664474
381	19975008_7108573609.jpg	144.0	train	lincoln_memorial_statue	6.276601400226355	0.5866432785987854
382	20019316_6975412907.jpg	145.0	train	lincoln_memorial_statue	6.306698305532336	0.2053130269050598
383	20022220_2419745928.jpg	146.0	train	lincoln_memorial_statue	5.667286828160286	0.0187002718448638
384	20159545_170658445.jpg	147.0	train	lincoln_memorial_statue	5.490364894270897	0.1584071367979049
385	20468960_220622935.jpg	148.0	train	lincoln_memorial_statue	5.823468066751957	0.3684493005275726
386	20756005_7369803778.jpg	149.0	train	lincoln_memorial_statue	6.200154144316912	0.2065436393022537
387	20851484_434036928.jpg	150.0	train	lincoln_memorial_statue	5.696348108351231	0.0037344831507653
388	21052688_2569212716.jpg	151.0	train	lincoln_memorial_statue	5.186971798539162	0.0245663970708847
389	21074408_2283755933.jpg	152.0	train	lincoln_memorial_statue	5.624585397541523	0.1989170014858245
390	21254269_3985893480.jpg	153.0	train	lincoln_memorial_statue	6.204563740640879	0.1124850958585739
391	21329467_1428708537.jpg	154.0	train	lincoln_memorial_statue	4.610814645886421	0.1025160327553749
392	21335937_8343210636.jpg	155.0	train	lincoln_memorial_statue	6.401187364012003	0.4046192467212677
393	21361698_8624592782.jpg	156.0	train	lincoln_memorial_statue	5.906413652002811	0.1760594993829727
394	21409731_2281874543.jpg	157.0	train	lincoln_memorial_statue	6.005731642246246	0.0
395	21466758_3402544788.jpg	158.0	train	lincoln_memorial_statue	6.111102934926748	0.1151472181081771
396	21499659_9575608356.jpg	159.0	train	lincoln_memorial_statue	5.940663006156683	0.0136697450652718
397	21553968_5072932605.jpg	160.0	train	lincoln_memorial_statue	5.28561195731163	0.0168313886970281
398	21710709_7532622634.jpg	161.0	train	lincoln_memorial_statue	5.750144988298416	0.1416410356760025
399	22004463_9586568620.jpg	162.0	train	lincoln_memorial_statue	6.494619412347674	0.2124207019805908
400	22074854_3410069817.jpg	163.0	train	lincoln_memorial_statue	5.613511078059673	0.1225750371813774
401	22081003_5964891946.jpg	164.0	train	lincoln_memorial_statue	6.497989013791084	0.4154949486255646
402	22317183_184655889.jpg	165.0	train	lincoln_memorial_statue	5.802616223692894	0.1143918856978416
403	22390989_2993259190.jpg	166.0	train	lincoln_memorial_statue	4.779629051685333	0.0
404	22964728_6265019319.jpg	167.0	train	lincoln_memorial_statue	5.58347575366497	0.4098871052265167
405	23402829_419683948.jpg	168.0	train	lincoln_memorial_statue	5.890984807163477	2.3147564206738025e-05
406	23434902_3778981342.jpg	169.0	train	lincoln_memorial_statue	4.554821968078613	0.0
407	23707349_2391036326.jpg	170.0	train	lincoln_memorial_statue	5.534698165953159	0.0
408	23751407_3453775601.jpg	171.0	train	lincoln_memorial_statue	5.41193337738514	0.0005658796289935
409	23927896_892143112.jpg	172.0	test	lincoln_memorial_statue	6.066270615905523	0.000104295060737
410	23980554_4516743555.jpg	173.0	train	lincoln_memorial_statue	5.889568641781807	0.185639813542366
411	24006732_538007329.jpg	174.0	train	lincoln_memorial_statue	5.804697036743164	0.2485896348953247
412	24230963_9029576920.jpg	175.0	train	lincoln_memorial_statue	4.687526039779186	0.0
413	24359954_3607002881.jpg	176.0	train	lincoln_memorial_statue	6.278405871242285	0.2029112428426742
414	24395774_128138061.jpg	177.0	train	lincoln_memorial_statue	5.818732373416424	0.1543441861867904
415	24619076_4610384086.jpg	178.0	train	lincoln_memorial_statue	5.627385843545198	0.0472098551690578
416	24633086_31698430.jpg	179.0	train	lincoln_memorial_statue	5.688199046999216	0.2077663540840149
417	24923605_5145217281.jpg	180.0	train	lincoln_memorial_statue	6.282573776319623	0.2625585496425628
418	24928265_8136644449.jpg	181.0	train	lincoln_memorial_statue	5.352586090564728	0.0
419	25063495_13061263145.jpg	182.0	train	lincoln_memorial_statue	5.43328133970499	0.0
420	25264314_11125027143.jpg	183.0	train	lincoln_memorial_statue	5.8762946631759405	0.0861928090453147
421	25351616_5535043591.jpg	184.0	train	lincoln_memorial_statue	5.369950585067272	0.0
422	25443017_8510301584.jpg	185.0	train	lincoln_memorial_statue	6.319761697202921	0.5456802845001221
423	25535048_2608877181.jpg	186.0	train	lincoln_memorial_statue	6.030539121478796	0.1028141304850578
424	25549930_4677535244.jpg	187.0	train	lincoln_memorial_statue	5.569663882255554	0.2891362309455871
425	25628547_2459340169.jpg	188.0	train	lincoln_memorial_statue	5.637416005134583	0.0352833569049835
426	25651331_8759716446.jpg	189.0	train	lincoln_memorial_statue	5.939141768962145	0.0598212964832782
427	25678363_1974149261.jpg	190.0	train	lincoln_memorial_statue	6.721257068216801	0.1532489955425262
428	25731683_9443697166.jpg	191.0	train	lincoln_memorial_statue	4.692226946353912	0.0
429	25765337_8514523889.jpg	192.0	train	lincoln_memorial_statue	6.136619072407484	0.3986788690090179
430	25885510_5747508046.jpg	193.0	train	lincoln_memorial_statue	6.1127007342875	0.1829574108123779
431	26415303_3305299897.jpg	194.0	train	lincoln_memorial_statue	6.223357159644365	0.2347727417945861
432	26446253_13207894545.jpg	195.0	train	lincoln_memorial_statue	5.197557307779789	0.0019410392269492
433	26488024_6859516237.jpg	196.0	train	lincoln_memorial_statue	5.49398572742939	0.0361784696578979
434	26814847_3221375908.jpg	197.0	train	lincoln_memorial_statue	5.558314934372902	0.3785136342048645
435	26899047_3624452004.jpg	198.0	train	lincoln_memorial_statue	5.908119093626738	0.0180413108319044
436	54936077_10385154344.jpg	410.0	train	lincoln_memorial_statue	5.607098050415516	0.1177249327301979
437	54958168_5576734021.jpg	411.0	train	lincoln_memorial_statue	5.81715415045619	0.0011050011962652
438	55002298_3136807816.jpg	412.0	train	lincoln_memorial_statue	5.886040084064007	0.0320873782038688
439	55174361_10036594944.jpg	413.0	train	lincoln_memorial_statue	5.836964268237352	0.0
440	55368177_6043528109.jpg	414.0	train	lincoln_memorial_statue	5.621252253651619	0.0492386855185031
441	55411209_2435555282.jpg	415.0	train	lincoln_memorial_statue	5.9123364724218845	0.1242035701870918
442	55612676_5406172157.jpg	416.0	train	lincoln_memorial_statue	5.609455410391092	0.0
443	55803790_6332578768.jpg	417.0	train	lincoln_memorial_statue	5.473189413547516	0.0400772877037525
444	56033362_2251041213.jpg	418.0	train	lincoln_memorial_statue	6.130311034619808	0.074391983449459
445	56047732_7236104334.jpg	419.0	train	lincoln_memorial_statue	6.129915583878756	0.4733502268791199
446	56175523_9218953598.jpg	420.0	train	lincoln_memorial_statue	5.724213056266308	0.189406082034111
447	56676981_340428083.jpg	421.0	train	lincoln_memorial_statue	5.538439184427261	0.0545324683189392
448	56771377_3059871710.jpg	422.0	train	lincoln_memorial_statue	5.864251002669334	0.0345517173409462
449	56863272_10007206316.jpg	423.0	train	lincoln_memorial_statue	5.540625117719173	0.0015741545939818
450	56878524_2823124567.jpg	424.0	train	lincoln_memorial_statue	5.55185766518116	0.0759815871715545
451	56910522_6039955761.jpg	425.0	train	lincoln_memorial_statue	6.132947918027639	0.2982617020606994
452	57065041_4613390611.jpg	426.0	train	lincoln_memorial_statue	6.029784414917231	0.1122548282146453
453	57190339_2666868754.jpg	427.0	train	lincoln_memorial_statue	5.673243787139654	0.0427249483764171
454	57197080_10394325564.jpg	428.0	train	lincoln_memorial_statue	5.83258268982172	0.0
455	57816948_8766296745.jpg	429.0	train	lincoln_memorial_statue	6.183350652456284	0.2269113808870315
456	57982427_267810412.jpg	430.0	train	lincoln_memorial_statue	5.577653758227825	0.0
457	58026625_9886003654.jpg	431.0	train	lincoln_memorial_statue	6.416134154424071	0.2754673957824707
458	58041138_6956765362.jpg	432.0	train	lincoln_memorial_statue	6.325405292212963	0.0308859422802925
459	58260535_378827493.jpg	433.0	train	lincoln_memorial_statue	5.792326249182224	0.2225200980901718
460	58509503_6697980249.jpg	434.0	train	lincoln_memorial_statue	5.767673168331385	0.0057722311466932
461	58606703_7405328188.jpg	435.0	train	lincoln_memorial_statue	6.135355915874243	0.0596474185585975
462	58783468_6205561152.jpg	436.0	train	lincoln_memorial_statue	6.057085979729891	0.2044852674007415
463	58997097_5938317193.jpg	437.0	train	lincoln_memorial_statue	6.069345848634839	0.2101543396711349
464	59027554_2664666816.jpg	438.0	train	lincoln_memorial_statue	6.16284866258502	0.2715669274330139
465	59055780_2510551184.jpg	439.0	train	lincoln_memorial_statue	5.790126148611307	0.1298418194055557
466	59149858_217239591.jpg	440.0	train	lincoln_memorial_statue	5.92247811704874	0.0475477501749992
467	59203396_2522862695.jpg	441.0	train	lincoln_memorial_statue	6.35621340200305	0.2736762464046478
468	59359976_23434930.jpg	442.0	train	lincoln_memorial_statue	5.883087687194347	0.0395373031497001
469	59595737_9135219377.jpg	443.0	train	lincoln_memorial_statue	5.987443935126066	0.0
470	59697569_7173637484.jpg	444.0	train	lincoln_memorial_statue	5.540476817637682	0.0566158629953861
471	60024938_415527831.jpg	445.0	train	lincoln_memorial_statue	6.00707408040762	0.1240761280059814
472	60046508_2459341727.jpg	446.0	train	lincoln_memorial_statue	5.923381149768829	0.0539418123662471
473	60099493_143058819.jpg	447.0	train	lincoln_memorial_statue	6.069940140470862	0.2639517486095428
474	60213745_10492126306.jpg	448.0	train	lincoln_memorial_statue	5.575572177767754	0.0755795687437057
475	60331444_3218285184.jpg	449.0	train	lincoln_memorial_statue	5.976560078561306	0.0795360878109932
476	60686488_6187226370.jpg	450.0	train	lincoln_memorial_statue	6.197100123390555	0.1527678668498993
477	60820574_5245582411.jpg	451.0	train	lincoln_memorial_statue	6.083616256713867	0.0147144617512822
478	60841127_4765219767.jpg	452.0	train	lincoln_memorial_statue	5.70016822218895	0.1150274723768234
479	60932067_4698145663.jpg	453.0	train	lincoln_memorial_statue	6.240294814109802	0.4340233206748962
480	60939533_114166996.jpg	454.0	train	lincoln_memorial_statue	5.562214471399784	0.0630235746502876
481	61021000_13732290265.jpg	455.0	train	lincoln_memorial_statue	5.587161418050528	0.1850541830062866
482	61489109_6898998005.jpg	456.0	train	lincoln_memorial_statue	6.055071387439966	0.1521370559930801
483	61655661_7092592051.jpg	457.0	train	lincoln_memorial_statue	5.641195796430111	0.0113317454233765
484	61765360_12648458323.jpg	458.0	train	lincoln_memorial_statue	5.574043288826942	0.0
485	61807326_3247699865.jpg	459.0	train	lincoln_memorial_statue	6.395115097984672	0.3357086181640625
486	61873184_5752516594.jpg	460.0	train	lincoln_memorial_statue	5.6082314401865005	0.0158724784851074
487	61941745_6081379193.jpg	461.0	train	lincoln_memorial_statue	6.253133781254292	0.0917313173413276
488	61959957_7530136798.jpg	462.0	train	lincoln_memorial_statue	5.19284338504076	0.04900623857975
489	62159062_4121186706.jpg	463.0	train	lincoln_memorial_statue	6.450705921277404	0.056344237178564
490	62258750_459427313.jpg	464.0	train	lincoln_memorial_statue	5.842578437179327	0.0080850152298808
491	62306137_6946527604.jpg	465.0	train	lincoln_memorial_statue	6.37637666426599	0.2697003483772278
492	62378739_7264122214.jpg	466.0	train	lincoln_memorial_statue	5.794971209019423	0.0
493	62386394_3203765468.jpg	467.0	train	lincoln_memorial_statue	6.4091648161411285	0.2908202707767486
494	62391520_3587054829.jpg	468.0	train	lincoln_memorial_statue	6.036704417318106	0.1462320238351822
495	62461836_2209664063.jpg	469.0	train	lincoln_memorial_statue	5.867727711796761	0.0
496	62523761_2632172885.jpg	470.0	train	lincoln_memorial_statue	5.673402063548565	0.0
497	62655554_4448198409.jpg	471.0	train	lincoln_memorial_statue	6.112730141729116	0.0882165431976318
498	62762475_4141086306.jpg	472.0	train	lincoln_memorial_statue	6.144721254706383	0.1659749299287796
499	62884812_4176299024.jpg	473.0	train	lincoln_memorial_statue	6.028772365301848	0.0
500	62891610_7222864564.jpg	474.0	train	lincoln_memorial_statue	6.22007817402482	0.0018346477299928
501	62974574_2359761994.jpg	475.0	train	lincoln_memorial_statue	5.043954789638519	0.0270892437547445
502	63193725_8427099675.jpg	476.0	train	lincoln_memorial_statue	5.422384858131409	0.0
503	63252004_4835793006.jpg	477.0	train	lincoln_memorial_statue	5.315205968916416	0.1303139477968216
504	63254605_13698608174.jpg	478.0	train	lincoln_memorial_statue	5.943453285843134	0.1714035123586654
505	63300263_397253756.jpg	479.0	train	lincoln_memorial_statue	6.006803087890148	0.0851667821407318
506	63370941_595899166.jpg	480.0	train	lincoln_memorial_statue	6.598454935476184	0.6963881254196167
507	63458051_2947647269.jpg	481.0	train	lincoln_memorial_statue	6.182508811354637	0.102931760251522
508	63465480_3935501254.jpg	482.0	train	lincoln_memorial_statue	5.863393012434244	0.090444341301918
509	63734757_2476144275.jpg	483.0	train	lincoln_memorial_statue	6.092911042273045	0.3603005409240722
510	63913323_4735107229.jpg	484.0	train	lincoln_memorial_statue	5.65812560915947	0.0
511	64061511_2292727680.jpg	485.0	train	lincoln_memorial_statue	5.683143056929112	0.0156125361099839
512	64079536_4710381301.jpg	486.0	train	lincoln_memorial_statue	5.848033841699362	0.0308841876685619
513	64141520_9291642295.jpg	487.0	train	lincoln_memorial_statue	5.174141116440296	0.144801914691925
514	64202274_3924130810.jpg	488.0	train	lincoln_memorial_statue	5.9095510095357895	0.0834539085626602
515	64229452_3017621586.jpg	489.0	train	lincoln_memorial_statue	5.800717689096928	0.000269737036433
516	64241156_525538963.jpg	490.0	train	lincoln_memorial_statue	6.54333857819438	0.4586332738399505
517	64241183_3955555895.jpg	491.0	train	lincoln_memorial_statue	6.483907205983996	0.3764063715934753
518	64327210_11973218833.jpg	492.0	train	lincoln_memorial_statue	5.444170482456684	0.0
519	64337960_6633844869.jpg	493.0	train	lincoln_memorial_statue	5.1738182082772255	0.054604485630989
520	64471850_2207312226.jpg	494.0	train	lincoln_memorial_statue	6.13164883852005	0.3899948596954345
521	64581503_9146132013.jpg	495.0	train	lincoln_memorial_statue	5.998214863240719	0.1642254292964935
522	64752701_4509238392.jpg	496.0	train	lincoln_memorial_statue	6.044694308191538	0.327071875333786
523	64821100_5133805957.jpg	497.0	train	lincoln_memorial_statue	5.010749317705631	0.0
524	64895903_778444270.jpg	498.0	train	lincoln_memorial_statue	5.886462189257145	0.1667595207691192
525	64900365_6946528742.jpg	499.0	train	lincoln_memorial_statue	6.394371457397938	0.5244072675704956
526	65101356_2668964566.jpg	500.0	train	lincoln_memorial_statue	5.719164617359638	0.004744803532958
527	65181204_4451654621.jpg	501.0	train	lincoln_memorial_statue	5.55129661411047	0.0519066825509071
528	65406246_5404167304.jpg	502.0	train	lincoln_memorial_statue	6.3061858005821705	0.2205672115087509
529	65445080_8181101804.jpg	503.0	train	lincoln_memorial_statue	5.688216179609299	0.0
530	65726335_4400094004.jpg	504.0	train	lincoln_memorial_statue	5.655227955430746	0.0716625824570655
531	65749143_614979241.jpg	505.0	train	lincoln_memorial_statue	6.450079953297973	0.3515954613685608
532	65749471_8892653609.jpg	506.0	train	lincoln_memorial_statue	5.992726922035217	0.1937948614358902
533	65931445_5148863612.jpg	507.0	train	lincoln_memorial_statue	5.265185840427876	0.0819972530007362
534	66352338_5007497154.jpg	508.0	train	lincoln_memorial_statue	6.185534734278917	0.3687220215797424
535	66571795_4698151721.jpg	509.0	train	lincoln_memorial_statue	6.270164456218481	0.3490679562091827
536	66650244_10329876403.jpg	510.0	train	lincoln_memorial_statue	5.837715350091457	0.0010360963642597
537	66712234_5946017953.jpg	511.0	train	lincoln_memorial_statue	5.506097499281168	0.1017601191997528
538	66749971_8093144746.jpg	512.0	train	lincoln_memorial_statue	4.850522764027119	0.0
539	66796015_9613203544.jpg	513.0	train	lincoln_memorial_statue	5.574432373046875	0.0
540	66874702_631227900.jpg	514.0	train	lincoln_memorial_statue	6.284939683973789	0.2697192132472992
541	67140549_8441515662.jpg	515.0	train	lincoln_memorial_statue	5.8570344261825085	0.0
542	67169333_2928730617.jpg	516.0	train	lincoln_memorial_statue	5.009017124772072	0.0
543	67257052_420693670.jpg	517.0	train	lincoln_memorial_statue	5.35719832777977	0.0
544	67269621_4420850656.jpg	518.0	train	lincoln_memorial_statue	5.895925704389811	0.0539605766534805
545	67470846_7218265266.jpg	519.0	train	lincoln_memorial_statue	5.589523002505302	0.0249010007828474
546	67484976_6539378405.jpg	520.0	train	lincoln_memorial_statue	6.324178392067552	0.4134232699871063
547	67493420_2427785769.jpg	521.0	train	lincoln_memorial_statue	5.939312253147364	0.1246919482946395
548	67522177_4491453698.jpg	522.0	train	lincoln_memorial_statue	6.02797095105052	0.4355714023113251
549	67582153_1663059431.jpg	523.0	train	lincoln_memorial_statue	5.611541651189327	0.0857581496238708
550	67626870_2229917645.jpg	524.0	train	lincoln_memorial_statue	5.223825931549072	1.5018397789390292e-05
551	67877113_5020758992.jpg	525.0	train	lincoln_memorial_statue	5.760302800685167	0.0145223727449774
552	67904520_2282662352.jpg	526.0	train	lincoln_memorial_statue	6.333979435265064	0.3205031454563141
553	68048108_5249555194.jpg	527.0	train	lincoln_memorial_statue	6.057600010186434	0.0067839785479009
554	68051454_7405326838.jpg	528.0	train	lincoln_memorial_statue	4.996222127228975	0.2039061486721038
555	68151864_4930458970.jpg	529.0	train	lincoln_memorial_statue	5.971811313182116	0.1509189903736114
556	68203560_8174326452.jpg	530.0	train	lincoln_memorial_statue	6.182823933660984	0.0036631920374929
557	68313227_3143332943.jpg	531.0	train	lincoln_memorial_statue	5.261383540928364	0.0
558	68425166_2349033614.jpg	532.0	train	lincoln_memorial_statue	5.698850281536579	0.049309778958559
559	68576030_8696349758.jpg	533.0	train	lincoln_memorial_statue	5.747813478112221	0.2939218580722809
560	68655056_6034936781.jpg	534.0	train	lincoln_memorial_statue	6.3033657148480415	0.2989709973335266
561	68694414_3686828906.jpg	535.0	train	lincoln_memorial_statue	6.21047543361783	0.3870431184768677
562	68749899_2634038661.jpg	536.0	train	lincoln_memorial_statue	5.9077528938651085	0.4547109305858612
563	68799623_4596739751.jpg	537.0	train	lincoln_memorial_statue	6.05957187525928	0.1590634733438491
564	68919197_7125294171.jpg	538.0	train	lincoln_memorial_statue	6.187355861067772	0.0030528823845088
565	69285359_368387391.jpg	539.0	train	lincoln_memorial_statue	5.718753576278687	0.0131511967629194
566	69400167_2490471441.jpg	540.0	train	lincoln_memorial_statue	5.6970015577971935	0.022851200774312
567	69446961_6057209951.jpg	541.0	train	lincoln_memorial_statue	5.628029122948647	0.0
568	69472930_7190120336.jpg	542.0	train	lincoln_memorial_statue	5.75322874635458	0.0139313470572233
569	69561269_3164817502.jpg	543.0	test	lincoln_memorial_statue	6.041378855705261	0.0
570	69741850_820787156.jpg	544.0	train	lincoln_memorial_statue	5.40497499704361	0.3244194686412811
571	69972095_8565988891.jpg	545.0	train	lincoln_memorial_statue	5.744083255529404	0.1054049134254455
572	70090320_3908917678.jpg	546.0	train	lincoln_memorial_statue	6.300621580332518	0.1704228371381759
573	70115010_201171991.jpg	547.0	train	lincoln_memorial_statue	6.04021679610014	0.0837960243225097
574	70150732_3010034566.jpg	548.0	train	lincoln_memorial_statue	5.834269106388092	0.1891990154981613
575	70201563_2440593101.jpg	549.0	train	lincoln_memorial_statue	5.509834960103035	0.0
576	70221708_435772782.jpg	550.0	train	lincoln_memorial_statue	5.736499227583408	0.1339895129203796
577	70459568_5135514090.jpg	551.0	train	lincoln_memorial_statue	6.289769120514393	0.3175731897354126
578	70585000_4596744849.jpg	552.0	train	lincoln_memorial_statue	6.419657576829195	0.1417132169008255
579	70596238_144606967.jpg	553.0	train	lincoln_memorial_statue	5.798741862177849	0.2051022499799728
580	70699611_193572149.jpg	554.0	train	lincoln_memorial_statue	5.551752381026745	0.0
581	70910343_5776394332.jpg	555.0	train	lincoln_memorial_statue	5.550338312983513	0.0004812875704374
582	70925228_5551859637.jpg	556.0	train	lincoln_memorial_statue	5.596618235111237	0.0016599593218415
583	70977504_6906316334.jpg	557.0	train	lincoln_memorial_statue	5.8438934199512005	0.1717651635408401
584	71147788_2932214865.jpg	558.0	train	lincoln_memorial_statue	5.489758186042309	0.0028525290545076
585	71257357_317480319.jpg	559.0	train	lincoln_memorial_statue	6.372590847313404	0.3504253625869751
586	71266655_6909127778.jpg	560.0	train	lincoln_memorial_statue	6.592212595045567	0.2545682191848755
587	71308576_4613563377.jpg	561.0	train	lincoln_memorial_statue	5.87870517373085	0.2288011759519577
588	71363588_6946510332.jpg	562.0	train	lincoln_memorial_statue	5.3061515018343925	0.0
589	71388400_5260809831.jpg	563.0	train	lincoln_memorial_statue	5.4913178607821465	0.066738523542881
590	72027670_3356149939.jpg	564.0	train	lincoln_memorial_statue	5.3320940136909485	0.0
591	72131989_2144201629.jpg	565.0	train	lincoln_memorial_statue	5.81856469810009	0.0024836035445332
592	72134673_2114200725.jpg	566.0	train	lincoln_memorial_statue	5.376643471419811	0.000911918526981
593	72340949_5776424770.jpg	567.0	train	lincoln_memorial_statue	6.095394626259804	0.0178888719528913
594	72352446_6803354105.jpg	568.0	train	lincoln_memorial_statue	5.954864405095577	0.0129242511466145
595	72461853_3963362863.jpg	569.0	train	lincoln_memorial_statue	6.725531162694097	0.2764991521835327
596	72695835_2597639209.jpg	570.0	train	lincoln_memorial_statue	5.850640948861837	0.0988930538296699
597	72748713_2443003685.jpg	571.0	train	lincoln_memorial_statue	5.512135162949562	0.3244283497333526
598	72784474_5932339703.jpg	572.0	train	lincoln_memorial_statue	5.338334195315838	0.0
599	72916019_4735107005.jpg	573.0	train	lincoln_memorial_statue	5.219648860394955	0.0
600	73036759_3644116846.jpg	574.0	train	lincoln_memorial_statue	5.832033529877663	0.1325182020664215
601	73171420_532216742.jpg	575.0	train	lincoln_memorial_statue	6.157666929066181	0.0769665315747261
602	73224267_1888628261.jpg	576.0	train	lincoln_memorial_statue	6.397637289017439	0.161511093378067
603	73599451_8565996995.jpg	577.0	train	lincoln_memorial_statue	6.141501564532518	0.203578382730484
604	73607215_2418932341.jpg	578.0	train	lincoln_memorial_statue	5.652860641479492	0.0722103714942932
605	74022019_497182186.jpg	579.0	train	lincoln_memorial_statue	5.895272273570299	0.0217634066939353
606	74266508_4929868993.jpg	580.0	train	lincoln_memorial_statue	5.97519001737237	0.1582632362842559
607	74279415_5352839577.jpg	581.0	train	lincoln_memorial_statue	5.862768162041903	0.1954715996980667
608	74383616_261225765.jpg	582.0	train	lincoln_memorial_statue	6.031593423336744	0.1450383812189102
609	74443583_5552445010.jpg	583.0	train	lincoln_memorial_statue	6.241516347974539	0.1040992513298988
610	74654310_688672000.jpg	584.0	train	lincoln_memorial_statue	6.572605915367603	0.5521737337112427
611	74654709_40808680.jpg	585.0	train	lincoln_memorial_statue	5.794293560087681	0.1672693789005279
612	74715697_1738168028.jpg	586.0	train	lincoln_memorial_statue	5.51300111413002	0.0
613	74896472_8689640996.jpg	587.0	train	lincoln_memorial_statue	5.609698921442032	0.0031493660062551
614	74929571_5159027401.jpg	588.0	train	lincoln_memorial_statue	5.553089823573828	0.1153796091675758
615	75220583_4451653491.jpg	589.0	train	lincoln_memorial_statue	5.939323406666517	0.3853858113288879
616	75311668_260553706.jpg	590.0	train	lincoln_memorial_statue	5.472604021430016	0.0089072110131382
617	75368648_4608328113.jpg	591.0	train	lincoln_memorial_statue	5.987196557223797	0.219049260020256
618	75380066_11367685314.jpg	592.0	train	lincoln_memorial_statue	5.268330916762352	0.2042296230792999
619	75480625_539762223.jpg	593.0	train	lincoln_memorial_statue	6.207260593771935	0.2632328271865845
620	75592590_579522421.jpg	594.0	train	lincoln_memorial_statue	6.352040700614452	0.3689422905445099
621	75621887_8846706474.jpg	595.0	train	lincoln_memorial_statue	5.844365619122982	0.1215349584817886
622	75797731_4619912360.jpg	596.0	train	lincoln_memorial_statue	5.576420959085226	0.2164862304925918
623	76106022_3289529626.jpg	597.0	train	lincoln_memorial_statue	5.965656768530607	0.1588673591613769
624	76213469_2907113872.jpg	598.0	train	lincoln_memorial_statue	6.292508110404015	0.0187792293727397
625	76330454_5378360825.jpg	599.0	train	lincoln_memorial_statue	5.628273658454418	0.109921209514141
626	76389659_2317495370.jpg	600.0	train	lincoln_memorial_statue	5.844645269215107	0.0032843735534697
627	76412979_5094862063.jpg	601.0	train	lincoln_memorial_statue	5.7853764444589615	0.0
628	76493791_3168290422.jpg	602.0	train	lincoln_memorial_statue	5.929585766047239	0.3083614408969879
629	76529692_2206500322.jpg	603.0	train	lincoln_memorial_statue	5.352732270956039	0.0561611130833625
630	76572121_3167157158.jpg	604.0	train	lincoln_memorial_statue	6.453188765794039	0.0599473007023334
631	76663382_4972839220.jpg	605.0	train	lincoln_memorial_statue	5.509792231023312	0.121237002313137
632	76700177_3781618478.jpg	606.0	train	lincoln_memorial_statue	6.058952361345291	0.1425657272338867
633	76790452_8200263991.jpg	607.0	train	lincoln_memorial_statue	5.821274925023317	0.0033462475985288
634	76954389_1425371976.jpg	608.0	train	lincoln_memorial_statue	5.950109012424946	0.1814253330230713
635	77066615_6810345642.jpg	609.0	train	lincoln_memorial_statue	6.433437403291464	0.1912590563297271
636	77208407_8696670152.jpg	610.0	train	lincoln_memorial_statue	5.575307182967663	0.0
637	77247990_1682378508.jpg	611.0	train	lincoln_memorial_statue	5.576215013861656	0.0394743978977203
638	77320347_5544990988.jpg	612.0	train	lincoln_memorial_statue	5.384577535092831	0.0015708415303379
639	77345479_563098062.jpg	613.0	train	lincoln_memorial_statue	5.32756220549345	0.0
640	77372686_10649469134.jpg	614.0	train	lincoln_memorial_statue	6.129184037446976	0.0006250903825275
641	77412646_2597639151.jpg	615.0	train	lincoln_memorial_statue	5.681106153875589	0.1254141926765442
642	77474774_2192735402.jpg	616.0	train	lincoln_memorial_statue	5.333691015839577	0.0009940227027982
643	77567414_172657518.jpg	617.0	train	lincoln_memorial_statue	4.943996049463749	0.175421267747879
644	77580811_9734925292.jpg	618.0	train	lincoln_memorial_statue	5.751671928912401	0.1011246889829635
645	77593184_4190075961.jpg	619.0	train	lincoln_memorial_statue	6.401616619899869	0.2190991640090942
646	77604247_61368105.jpg	620.0	train	lincoln_memorial_statue	6.247767625376582	0.4140264391899109
647	78121919_3015186538.jpg	621.0	train	lincoln_memorial_statue	6.062045894563198	0.1495534628629684
648	78202622_139517567.jpg	622.0	train	lincoln_memorial_statue	6.224803023040295	0.0738126412034034
649	78231454_3668044077.jpg	623.0	train	lincoln_memorial_statue	4.6378349885344505	0.0130831589922308
650	78233080_2612034146.jpg	624.0	train	lincoln_memorial_statue	5.413753643631935	0.0
651	78258369_2798059136.jpg	625.0	train	lincoln_memorial_statue	5.83139917999506	0.0280123073607683
652	78294114_4420850416.jpg	626.0	train	lincoln_memorial_statue	5.991154361516237	0.1276902854442596
653	78358412_4862450965.jpg	627.0	train	lincoln_memorial_statue	5.8660595919936895	0.1768483966588974
654	78397365_6539014179.jpg	628.0	test	lincoln_memorial_statue	6.531237095594406	0.0
655	78401608_5981948348.jpg	629.0	train	lincoln_memorial_statue	6.323936628177762	0.231253832578659
656	78403999_3993626480.jpg	630.0	train	lincoln_memorial_statue	5.7115574814379215	0.0271895434707403
657	78409376_330911655.jpg	631.0	train	lincoln_memorial_statue	6.157971203327179	0.161087766289711
658	78475358_2889107366.jpg	632.0	train	lincoln_memorial_statue	5.499517157673836	0.0340979322791099
659	78524988_126027065.jpg	633.0	train	lincoln_memorial_statue	5.863847926259041	0.0497613437473773
660	78544509_5465458917.jpg	634.0	train	lincoln_memorial_statue	5.570070881396532	0.0
661	78658085_647620204.jpg	635.0	train	lincoln_memorial_statue	6.144651785492897	0.0440924130380153
662	78852386_4857290893.jpg	636.0	train	lincoln_memorial_statue	5.845379877835512	0.0786169618368148
663	78925367_4644659547.jpg	637.0	train	lincoln_memorial_statue	5.6498909667134285	0.019730033352971
664	79176626_8683586453.jpg	638.0	train	lincoln_memorial_statue	6.011620689183474	0.0255780909210443
665	79214367_4765851270.jpg	639.0	train	lincoln_memorial_statue	5.17335744202137	0.0546522140502929
666	79326175_7092592933.jpg	640.0	train	lincoln_memorial_statue	5.387837663292885	0.0630054175853729
667	79370930_13698258915.jpg	641.0	train	lincoln_memorial_statue	5.571260306984186	0.0014872618485242
668	79420000_7092582779.jpg	642.0	train	lincoln_memorial_statue	5.395367946475744	0.001845289254561
669	79552467_2116034278.jpg	643.0	train	lincoln_memorial_statue	5.736273430287838	0.1568471044301986
670	79586362_2573629324.jpg	644.0	train	lincoln_memorial_statue	5.583004161715508	0.0533734858036041
671	79687778_493810727.jpg	645.0	train	lincoln_memorial_statue	5.509815417230129	0.0028435371350497
672	79734074_6946529768.jpg	646.0	train	lincoln_memorial_statue	5.732909806072712	0.0017889036098495
673	80242276_9577064667.jpg	647.0	train	lincoln_memorial_statue	5.5666608735919	0.1329919248819351
674	80284278_4025479872.jpg	648.0	train	lincoln_memorial_statue	5.924124877899885	0.2745828032493591
675	80392350_3443543700.jpg	649.0	train	lincoln_memorial_statue	5.4868816286325455	0.0792608335614204
676	80439432_5460938154.jpg	650.0	train	lincoln_memorial_statue	5.638600416481495	0.0659278854727745
677	80458316_579667132.jpg	651.0	train	lincoln_memorial_statue	6.525006737560034	0.3817727863788605
678	80502373_9766636021.jpg	652.0	train	lincoln_memorial_statue	5.367948561906815	0.1178082674741745
679	80634515_5967095537.jpg	653.0	train	lincoln_memorial_statue	5.450919859111309	0.006364231929183
680	80707250_5014464120.jpg	654.0	train	lincoln_memorial_statue	6.577246557921171	0.346495509147644
681	80712084_3203509117.jpg	655.0	train	lincoln_memorial_statue	5.545534297823906	0.0099452547729015
682	80821526_3643310787.jpg	656.0	train	lincoln_memorial_statue	6.3986229710280895	0.5302595496177673
683	80835001_4779253543.jpg	657.0	train	lincoln_memorial_statue	5.7098566852509975	0.0008192677050828
684	80840227_6014087777.jpg	658.0	train	lincoln_memorial_statue	6.370497561991215	0.4120623469352722
685	80976507_5777524551.jpg	659.0	train	lincoln_memorial_statue	5.847705461084843	0.056168757379055
686	81046336_6629271647.jpg	660.0	train	lincoln_memorial_statue	6.285636711865664	0.2801845073699951
687	81233182_4943410370.jpg	661.0	train	lincoln_memorial_statue	4.979970328509808	4.4962936954107136e-05
688	81297701_879934582.jpg	662.0	train	lincoln_memorial_statue	5.51443687826395	0.0583548955619335
689	81429394_421029970.jpg	663.0	train	lincoln_memorial_statue	5.215080410242081	0.0046888547949492
690	81460541_67591531.jpg	664.0	train	lincoln_memorial_statue	5.8612618483603	0.0260039065033197
691	81538940_4010613848.jpg	665.0	train	lincoln_memorial_statue	5.605931986123323	0.0071120844222605
692	81669575_2070582968.jpg	666.0	train	lincoln_memorial_statue	6.132432846352458	0.435441792011261
693	81718383_5969055345.jpg	667.0	train	lincoln_memorial_statue	5.698964200913906	0.3508204221725464
694	81731477_5940682189.jpg	668.0	train	lincoln_memorial_statue	6.113184630870819	0.4271703064441681
695	81785902_180329241.jpg	669.0	train	lincoln_memorial_statue	6.065387859940529	0.0688579976558685
696	81886162_1425394080.jpg	670.0	train	lincoln_memorial_statue	5.774205930531025	0.4119988083839416
697	81908799_469363288.jpg	671.0	train	lincoln_memorial_statue	6.260422646999359	0.184520423412323
698	81963336_11663160396.jpg	672.0	train	lincoln_memorial_statue	5.580228708684444	0.0150048863142728
699	82093751_9613201642.jpg	673.0	train	lincoln_memorial_statue	5.749346137046814	0.0
700	82242850_4619297299.jpg	674.0	train	lincoln_memorial_statue	5.9872700702399015	0.3877571523189544
701	82396569_3830457569.jpg	675.0	train	lincoln_memorial_statue	5.601969063282013	0.0267319940030574
702	82564930_2597002115.jpg	676.0	train	lincoln_memorial_statue	5.926772102713585	0.3170839548110962
703	82762247_4943410524.jpg	677.0	train	lincoln_memorial_statue	6.072663206607103	0.318141907453537
704	82817702_267461572.jpg	678.0	train	lincoln_memorial_statue	6.008201176300645	0.331257164478302
705	82862342_4221571438.jpg	679.0	train	lincoln_memorial_statue	5.893221043050289	0.0140539519488811
706	82931493_8567093724.jpg	680.0	train	lincoln_memorial_statue	5.750712554901838	0.3510653674602508
707	82965869_193572147.jpg	681.0	train	lincoln_memorial_statue	6.190890800207853	0.4861703813076019
708	83004461_7921357710.jpg	682.0	train	lincoln_memorial_statue	5.786324016749859	0.1012093126773834
709	83093791_3394574926.jpg	683.0	train	lincoln_memorial_statue	6.030667379498482	0.4189122915267944
710	83125133_4573315764.jpg	684.0	train	lincoln_memorial_statue	4.506223157048225	0.0
711	83217536_6081378665.jpg	685.0	train	lincoln_memorial_statue	6.355795161798596	0.3177343010902405
712	83337770_3217460703.jpg	686.0	train	lincoln_memorial_statue	6.453868482261896	0.3499704599380493
713	83339919_4017717695.jpg	687.0	train	lincoln_memorial_statue	5.841823246330023	0.0
714	83417914_4710382047.jpg	688.0	train	lincoln_memorial_statue	5.850371442735195	0.0734102502465248
715	83542157_124491826.jpg	689.0	train	lincoln_memorial_statue	6.027075629681349	0.1974164992570877
716	83610811_7290886160.jpg	690.0	train	lincoln_memorial_statue	5.9724471271038055	0.1715340316295623
717	83682725_9521994366.jpg	691.0	train	lincoln_memorial_statue	5.868822939693928	0.0296680610626935
718	83705865_2894614270.jpg	692.0	train	lincoln_memorial_statue	5.907595831900835	0.1844525188207626
719	83774859_4943410776.jpg	693.0	train	lincoln_memorial_statue	6.043923895806074	0.2473521530628204
720	83962209_7113712739.jpg	694.0	train	lincoln_memorial_statue	5.937531646341085	0.0110786240547895
721	84038985_6341019678.jpg	695.0	train	lincoln_memorial_statue	5.716406546533108	0.2328656911849975
722	84193954_2316689205.jpg	696.0	train	lincoln_memorial_statue	5.747254189103842	0.078347697854042
723	84280198_5940682605.jpg	697.0	train	lincoln_memorial_statue	5.621951572597027	0.0068181823007762
724	84483699_820824634.jpg	698.0	train	lincoln_memorial_statue	4.875997357070446	0.1523342430591583
725	84535687_4713993741.jpg	699.0	train	lincoln_memorial_statue	6.169244149699807	0.1513646394014358
726	84558596_3546335886.jpg	700.0	train	lincoln_memorial_statue	5.441643066704273	0.0046308985911309
727	84575830_3456508930.jpg	701.0	train	lincoln_memorial_statue	5.980466458946466	0.3901793658733368
728	85125299_5373314370.jpg	702.0	train	lincoln_memorial_statue	5.876040995121002	0.2336639016866684
729	85321669_512435095.jpg	703.0	train	lincoln_memorial_statue	5.852235479280353	0.1368389725685119
730	85392944_2858810414.jpg	704.0	train	lincoln_memorial_statue	5.241541467607021	0.1758183985948562
731	85454391_128669976.jpg	705.0	train	lincoln_memorial_statue	5.134381942451	0.155312493443489
732	85533094_5651874858.jpg	706.0	train	lincoln_memorial_statue	5.8251331225037575	0.2052554190158844
733	85581120_344682050.jpg	707.0	train	lincoln_memorial_statue	6.064211655408144	0.2189494520425796
734	85641673_7656964846.jpg	708.0	train	lincoln_memorial_statue	5.672036938369274	0.1545690596103668
735	85642084_4609582157.jpg	709.0	train	lincoln_memorial_statue	6.023405708372593	0.014376918785274
736	85664504_10731892683.jpg	710.0	train	lincoln_memorial_statue	6.341742716729641	0.0029635156970471
737	85693775_8136575805.jpg	711.0	train	lincoln_memorial_statue	6.191325414925814	0.2708602547645569
738	86336246_6730237565.jpg	712.0	train	lincoln_memorial_statue	6.024592809379101	0.0038938308134675
739	86361078_304338706.jpg	713.0	train	lincoln_memorial_statue	5.96879380941391	0.0076952148228883
740	86371900_3346854133.jpg	714.0	train	lincoln_memorial_statue	5.187483407557011	0.0398894026875495
741	86495884_7125296933.jpg	715.0	train	lincoln_memorial_statue	6.1934245601296425	0.0033902628347277
742	86558618_8567063602.jpg	716.0	train	lincoln_memorial_statue	6.105920363217592	0.2184693366289138
743	86570495_27803024.jpg	717.0	train	lincoln_memorial_statue	5.794506076723337	0.0589084848761558
744	86623257_11920641435.jpg	718.0	train	lincoln_memorial_statue	5.195245787501335	0.0021161697804927
745	86668753_8907652813.jpg	719.0	train	lincoln_memorial_statue	5.568678446114063	0.1393058598041534
746	86753781_5052420463.jpg	720.0	train	lincoln_memorial_statue	5.9492315500974655	0.2938564717769623
747	86753962_1738168354.jpg	721.0	train	lincoln_memorial_statue	5.979727812111378	9.726740245241672e-05
748	86953543_6941461545.jpg	722.0	train	lincoln_memorial_statue	5.479257505387068	0.0559426695108413
749	87000407_10329697564.jpg	723.0	train	lincoln_memorial_statue	5.737786717712879	0.0013509771088138
750	87140839_1097548200.jpg	724.0	train	lincoln_memorial_statue	5.8452579863369465	0.0152890002354979
751	87188593_559205297.jpg	725.0	train	lincoln_memorial_statue	5.607338391244412	0.0111617092043161
752	87203744_585254894.jpg	726.0	train	lincoln_memorial_statue	6.164978377521038	0.1735831946134567
753	87283840_11106977846.jpg	727.0	train	lincoln_memorial_statue	5.592574123293161	0.2687486112117767
754	87495742_6081377753.jpg	728.0	train	lincoln_memorial_statue	6.063558958470821	0.497732549905777
755	87710188_3869304119.jpg	729.0	train	lincoln_memorial_statue	5.648437574505806	0.0
756	87770864_5232090356.jpg	730.0	train	lincoln_memorial_statue	5.532176457345486	0.0
757	87812594_6539013541.jpg	731.0	train	lincoln_memorial_statue	5.342009656131268	0.0
758	87935974_3168288878.jpg	732.0	train	lincoln_memorial_statue	5.616653848439455	0.2285680472850799
759	87945475_1449309287.jpg	733.0	train	lincoln_memorial_statue	6.214881530031562	0.2346558421850204
760	87946647_10864354576.jpg	734.0	test	lincoln_memorial_statue	6.063857801258564	0.0
761	88206936_3555476129.jpg	735.0	train	lincoln_memorial_statue	5.4414847902953625	0.0428858883678913
762	88297587_2460173234.jpg	736.0	train	lincoln_memorial_statue	5.713065814226866	0.1657204180955886
763	88315639_4010609002.jpg	737.0	train	lincoln_memorial_statue	6.413862731307745	0.1926194131374359
764	88317397_578209456.jpg	738.0	train	lincoln_memorial_statue	6.093380481004715	0.2829243838787079
765	88415496_5213723425.jpg	739.0	train	lincoln_memorial_statue	6.279052082449198	0.2414353638887405
766	88567148_4929868803.jpg	740.0	train	lincoln_memorial_statue	6.157819263637066	0.0792113617062568
767	88827629_7218022208.jpg	741.0	train	lincoln_memorial_statue	5.584304299205542	0.0279901884496212
768	88876785_4491458816.jpg	742.0	train	lincoln_memorial_statue	6.109583552926779	0.224615141749382
769	88917445_118773664.jpg	743.0	train	lincoln_memorial_statue	6.14546949416399	0.2900552451610565
770	89234688_8565997441.jpg	744.0	train	lincoln_memorial_statue	5.905226778239012	0.0590469203889369
771	89339670_4596751801.jpg	745.0	train	lincoln_memorial_statue	5.753367222845554	0.0505228452384471
772	89390143_5816513678.jpg	746.0	train	lincoln_memorial_statue	6.45267153903842	0.1552139669656753
773	89465890_8412675957.jpg	747.0	train	lincoln_memorial_statue	5.556188687682152	0.3033941686153412
774	89611313_3126767373.jpg	748.0	train	lincoln_memorial_statue	6.360036173835397	0.23952217400074
775	89680133_4010610640.jpg	749.0	train	lincoln_memorial_statue	5.915321107953787	0.1450853943824768
776	89712677_2564688085.jpg	750.0	train	lincoln_memorial_statue	6.033667534589768	0.3468351066112518
777	89751977_10495706994.jpg	751.0	train	lincoln_memorial_statue	6.211139015853405	0.283790647983551
778	89896246_3687883261.jpg	752.0	train	lincoln_memorial_statue	5.909678667783737	0.0288291350007057
779	89960060_4698779948.jpg	753.0	train	lincoln_memorial_statue	5.981785796582699	0.2201001346111297
780	90140731_4009848457.jpg	754.0	train	lincoln_memorial_statue	5.726811472326517	0.0054405783303081
781	90174531_8978485136.jpg	755.0	train	lincoln_memorial_statue	5.323322772979736	0.1969001293182373
782	90337123_4009837083.jpg	756.0	train	lincoln_memorial_statue	5.746304698288441	0.000493194151204
783	90556331_7474296214.jpg	757.0	train	lincoln_memorial_statue	5.9770861081779	0.2580872774124145
784	90754549_4051617510.jpg	758.0	train	lincoln_memorial_statue	6.252946155145764	0.3476885259151459
785	90847619_4928325348.jpg	759.0	train	lincoln_memorial_statue	5.71036546677351	0.0
786	90967707_559207783.jpg	760.0	train	lincoln_memorial_statue	5.473587743937969	0.0598822012543678
787	91007591_3308250033.jpg	761.0	train	lincoln_memorial_statue	5.325477562844753	0.0
788	91043536_2476959548.jpg	762.0	train	lincoln_memorial_statue	5.37138507515192	0.0
789	91104833_2443004125.jpg	763.0	train	lincoln_memorial_statue	5.41983837634325	0.0924212485551834
790	91134139_8413104484.jpg	764.0	test	lincoln_memorial_statue	6.209966734051704	0.0
791	91451203_6616894383.jpg	765.0	train	lincoln_memorial_statue	5.548772819340229	0.0571639835834503
792	91493589_8846081633.jpg	766.0	train	lincoln_memorial_statue	5.962608441710472	0.095010332763195
793	91510612_9338794434.jpg	767.0	train	lincoln_memorial_statue	5.915869861841202	0.1719781458377838
794	91652974_6406825499.jpg	768.0	train	lincoln_memorial_statue	5.820869512856007	0.1028833761811256
795	91777307_2387162356.jpg	769.0	train	lincoln_memorial_statue	6.079028099775314	0.1788878887891769
796	91785895_3245245940.jpg	770.0	train	lincoln_memorial_statue	5.901448212563992	0.1187219619750976
797	91787975_31698352.jpg	771.0	train	lincoln_memorial_statue	6.198234584182501	0.0326647199690341
798	91793168_6994320666.jpg	772.0	train	lincoln_memorial_statue	4.88274647295475	0.0
799	91926492_310854130.jpg	773.0	train	lincoln_memorial_statue	5.452540650963783	0.0402608886361122
800	91974930_370144049.jpg	774.0	train	lincoln_memorial_statue	5.955824855715036	0.2224451601505279
801	92138496_6087402047.jpg	775.0	train	lincoln_memorial_statue	4.81859540194273	0.0
802	92205152_6228122951.jpg	776.0	train	lincoln_memorial_statue	5.947933059185743	0.0109975328668951
803	92217185_3934718943.jpg	777.0	train	lincoln_memorial_statue	5.762159679085016	0.0770602449774742
804	92355832_4010607220.jpg	778.0	train	lincoln_memorial_statue	5.945872109383345	0.3143637478351593
805	92440307_6633850965.jpg	779.0	train	lincoln_memorial_statue	5.686420120298863	0.1150475889444351
806	92649317_3644115218.jpg	780.0	train	lincoln_memorial_statue	5.528833389282227	0.1227282807230949
807	92840923_5542897481.jpg	781.0	train	lincoln_memorial_statue	6.067875415086746	0.2264681011438369
808	92959086_3923046387.jpg	782.0	train	lincoln_memorial_statue	5.419519290328026	0.042316909879446
809	93003290_27844563.jpg	783.0	train	lincoln_memorial_statue	5.8736713863909245	0.0
810	93014141_6630634467.jpg	784.0	train	lincoln_memorial_statue	6.552473375573754	0.3922784626483917
811	93082752_4942824131.jpg	785.0	train	lincoln_memorial_statue	5.05159193277359	0.0023347698152065
812	93175698_2329966759.jpg	786.0	train	lincoln_memorial_statue	5.66433572024107	0.0179909728467464
813	93254465_264610916.jpg	787.0	train	lincoln_memorial_statue	5.908970970660448	0.0272321514785289
814	93284483_340427909.jpg	788.0	train	lincoln_memorial_statue	6.001939233392477	0.0082088056951761
815	93406137_4596743323.jpg	789.0	train	lincoln_memorial_statue	5.746981665492058	0.1911086589097976
816	93409848_5535963552.jpg	790.0	train	lincoln_memorial_statue	5.960711292922497	0.1366571187973022
817	93442266_4796582885.jpg	791.0	train	lincoln_memorial_statue	5.67420794442296	0.1538347452878952
818	93457013_2574056331.jpg	792.0	train	lincoln_memorial_statue	6.032615017145872	0.0
819	93472104_4862879799.jpg	793.0	train	lincoln_memorial_statue	5.309591591358185	0.0
820	93554336_3168288048.jpg	794.0	train	lincoln_memorial_statue	5.713301433250308	0.3585058152675628
821	93557961_2501534987.jpg	795.0	train	lincoln_memorial_statue	5.965768467634916	0.1395506113767624
822	93698389_3780787679.jpg	796.0	train	lincoln_memorial_statue	6.076998081058264	0.1073009446263313
823	93783002_5816529438.jpg	797.0	train	lincoln_memorial_statue	6.250961154699326	0.16087007522583
824	93797799_5148256971.jpg	798.0	train	lincoln_memorial_statue	5.509688369929791	9.432182559976354e-05
825	93851052_9992440633.jpg	799.0	train	lincoln_memorial_statue	5.897285655140877	0.0831996574997901
826	94154757_2927899608.jpg	800.0	train	lincoln_memorial_statue	5.866158429533243	0.0
827	94164297_5941241490.jpg	801.0	train	lincoln_memorial_statue	6.400185000151396	0.3931226134300232
828	94316597_3993626534.jpg	802.0	train	lincoln_memorial_statue	5.19683001190424	0.0646666884422302
829	94427615_485981296.jpg	803.0	train	lincoln_memorial_statue	5.9793969839811325	0.1437982618808746
830	94563011_8726024722.jpg	804.0	train	lincoln_memorial_statue	5.871325142681599	0.0632596313953399
831	94578966_7153097663.jpg	805.0	train	lincoln_memorial_statue	5.793923012912273	0.0011332808062434
832	94641710_2893301912.jpg	806.0	train	lincoln_memorial_statue	6.320691432803869	0.1221605837345123
833	94803476_8924647809.jpg	807.0	train	lincoln_memorial_statue	6.216934274882078	0.0954888686537742
834	94911102_6590154209.jpg	808.0	train	lincoln_memorial_statue	6.116066599264741	0.0
835	94937172_3033690605.jpg	809.0	train	lincoln_memorial_statue	6.612637391313911	0.3646751344203949
836	95034365_2929310301.jpg	810.0	train	lincoln_memorial_statue	6.241831738501787	0.1172922104597091
837	95038825_458165163.jpg	811.0	train	lincoln_memorial_statue	6.135749870911241	0.4527769088745117
838	95065776_82708382.jpg	812.0	train	lincoln_memorial_statue	5.28237434476614	0.15255868434906
839	95091382_3593993445.jpg	813.0	train	lincoln_memorial_statue	5.725820936262608	0.03312723711133
840	95149025_6858240968.jpg	814.0	train	lincoln_memorial_statue	5.015094369649887	0.0
841	95185115_272283033.jpg	815.0	train	lincoln_memorial_statue	5.724407136440277	0.1854055374860763
842	95305862_6941461829.jpg	816.0	train	lincoln_memorial_statue	6.074657492339611	0.3168359994888305
843	95317558_4854760568.jpg	817.0	train	lincoln_memorial_statue	5.531813081353903	0.1077179834246635
844	95554644_558540114.jpg	818.0	train	lincoln_memorial_statue	4.881553143262863	0.0
845	95642851_5590768494.jpg	819.0	train	lincoln_memorial_statue	5.985466349869967	0.0999811664223671
846	95748728_4750142778.jpg	820.0	train	lincoln_memorial_statue	5.936199933290482	0.0105677908286452
847	95771557_4220973160.jpg	821.0	train	lincoln_memorial_statue	5.932863783091307	0.0
848	95923734_5125821337.jpg	822.0	train	lincoln_memorial_statue	6.117788437753916	0.0420837923884391
849	95926960_6416281951.jpg	823.0	train	lincoln_memorial_statue	6.081024646759033	0.2128994911909103
