filename	id	split	dataset	nima	transient
95298370_81064887.jpg	616.0	train	st_pauls_cathedral	5.423826068639755	0.0
95183660_5897086704.jpg	615.0	train	st_pauls_cathedral	5.001998320221901	0.0011695345165207
95155835_6249315212.jpg	614.0	train	st_pauls_cathedral	5.079994283616543	0.0
95115466_1671172809.jpg	613.0	train	st_pauls_cathedral	5.247614771127701	0.0
95050592_4363219355.jpg	612.0	train	st_pauls_cathedral	4.914680875837803	0.0367597341537475
94941321_6263859489.jpg	611.0	train	st_pauls_cathedral	5.374223381280899	0.0399427190423011
94927913_6590849005.jpg	610.0	train	st_pauls_cathedral	5.134833335876465	0.0877688825130462
94828046_640705317.jpg	609.0	train	st_pauls_cathedral	5.314073622226715	0.0018036577384918
94577950_1403590863.jpg	608.0	train	st_pauls_cathedral	5.577919997274876	0.0283389557152986
94451439_81070120.jpg	607.0	train	st_pauls_cathedral	5.226324990391731	0.0002797128690872
94231433_966470851.jpg	606.0	train	st_pauls_cathedral	5.189572546631098	0.0007867757230997
93976139_3296319388.jpg	604.0	train	st_pauls_cathedral	5.296443805098534	0.0204451885074377
93701474_6332090181.jpg	603.0	train	st_pauls_cathedral	5.174415089190006	0.0
93574328_6119726826.jpg	602.0	train	st_pauls_cathedral	4.975151024758816	0.0891602858901023
93355615_1672027412.jpg	601.0	train	st_pauls_cathedral	5.29186749830842	0.0203869063407182
93328208_8657814331.jpg	600.0	train	st_pauls_cathedral	4.8693069368600845	0.2083720117807388
93271414_6254662396.jpg	599.0	train	st_pauls_cathedral	5.779983635991812	0.0467371828854084
93192799_3878932967.jpg	598.0	train	st_pauls_cathedral	5.253909174352884	0.0169118680059909
93030987_2292992877.jpg	597.0	train	st_pauls_cathedral	4.8181987926363945	0.0800289809703826
92813612_6760125483.jpg	596.0	train	st_pauls_cathedral	5.092058472335339	0.0272667277604341
92810524_4500630423.jpg	595.0	train	st_pauls_cathedral	5.530841208994389	0.0259351059794425
92648098_287579154.jpg	594.0	train	st_pauls_cathedral	5.08670512214303	0.0
92645310_5524914058.jpg	593.0	train	st_pauls_cathedral	4.928927917033434	0.0034626889973878
92611863_4804339601.jpg	592.0	test	st_pauls_cathedral	5.399758473038673	0.0
92567399_6203586908.jpg	591.0	train	st_pauls_cathedral	4.734342634677887	0.0
92514263_1424560960.jpg	590.0	train	st_pauls_cathedral	4.90777150541544	0.0307686813175678
92430143_8708679404.jpg	589.0	train	st_pauls_cathedral	5.370401371270418	0.0
92227797_2634489539.jpg	588.0	train	st_pauls_cathedral	5.5641404539346695	0.0013868082314729
92214835_4446422108.jpg	587.0	train	st_pauls_cathedral	4.621845804154873	0.0010792189277708
92158908_2041528681.jpg	586.0	train	st_pauls_cathedral	5.631106421351433	0.0555604957044124
92018379_4578910428.jpg	585.0	train	st_pauls_cathedral	4.469312146306038	0.00952282641083
91946280_8658910888.jpg	584.0	train	st_pauls_cathedral	4.803273029625416	0.1566636264324188
91925606_3154451356.jpg	583.0	train	st_pauls_cathedral	5.31475343555212	0.0415123030543327
91918189_6232577068.jpg	582.0	train	st_pauls_cathedral	4.302872635424137	0.030346218496561
91784313_5520868886.jpg	581.0	train	st_pauls_cathedral	5.416148290038109	0.0
91768545_3137836919.jpg	580.0	train	st_pauls_cathedral	5.624284651130438	0.0165610145777463
91656127_7253113144.jpg	579.0	train	st_pauls_cathedral	5.633089758455753	0.0
91626356_3650028226.jpg	578.0	train	st_pauls_cathedral	4.868154004216194	0.0031011791434139
91623087_287579135.jpg	577.0	train	st_pauls_cathedral	4.930990628898144	0.0018249960849061
91565683_3512191559.jpg	576.0	train	st_pauls_cathedral	4.682913340628147	0.0
91564345_6006545283.jpg	575.0	train	st_pauls_cathedral	5.1783482283353806	0.0513660348951816
91381667_284361758.jpg	574.0	train	st_pauls_cathedral	5.595347851514816	0.0545354411005973
91346356_4147792041.jpg	573.0	train	st_pauls_cathedral	4.929084599018097	0.0
91038822_10363601815.jpg	572.0	train	st_pauls_cathedral	5.005306549370289	0.0331992320716381
90913589_3933145012.jpg	571.0	train	st_pauls_cathedral	5.435969412326813	0.0886046886444091
90655346_4004718440.jpg	570.0	train	st_pauls_cathedral	5.378369744867086	0.0107083404436707
90629279_6410972755.jpg	569.0	train	st_pauls_cathedral	5.878604082390666	0.0
90505912_4180777669.jpg	568.0	train	st_pauls_cathedral	5.3862909115850925	0.0
90497182_2634913786.jpg	567.0	train	st_pauls_cathedral	4.865273527801037	0.0733067542314529
90453297_39566304.jpg	566.0	train	st_pauls_cathedral	5.276316862553358	0.0054190992377698
90344912_8375385523.jpg	565.0	train	st_pauls_cathedral	4.872596688568592	7.327776256715879e-05
90275698_3198512919.jpg	564.0	train	st_pauls_cathedral	4.92347876727581	0.0022235272917896
90209139_3994249459.jpg	563.0	train	st_pauls_cathedral	5.051538683474064	0.0182170551270246
90117885_6467860261.jpg	562.0	train	st_pauls_cathedral	4.976088717579842	0.0
90117599_129939178.jpg	561.0	train	st_pauls_cathedral	4.920250236988068	7.919264317024499e-05
90089661_771902788.jpg	560.0	train	st_pauls_cathedral	5.419630665332079	0.0012705095577985
89944336_8704609569.jpg	559.0	train	st_pauls_cathedral	4.912307515740395	0.0024512037634849
89888539_9337098920.jpg	558.0	train	st_pauls_cathedral	5.556338749825954	0.0380939468741416
89689527_4281390665.jpg	557.0	train	st_pauls_cathedral	4.629349090158939	0.0739644095301628
89688408_9696749078.jpg	556.0	train	st_pauls_cathedral	5.076040521264076	0.1370658725500106
89602562_7180167972.jpg	555.0	train	st_pauls_cathedral	5.606426618993282	0.0314297340810298
89546248_3376020558.jpg	554.0	train	st_pauls_cathedral	5.256805628538132	0.0254635885357856
89408252_1252638430.jpg	553.0	train	st_pauls_cathedral	4.9664556235075	0.0693843364715576
89359643_6530897597.jpg	552.0	train	st_pauls_cathedral	5.352619878947735	0.0
89034725_8691186498.jpg	551.0	train	st_pauls_cathedral	4.858517564833164	0.0453082844614982
89029188_167214313.jpg	550.0	train	st_pauls_cathedral	5.066246762871742	0.0063616936095058
88845761_5161843639.jpg	549.0	train	st_pauls_cathedral	5.237549640238285	0.0
88805015_4499828847.jpg	548.0	train	st_pauls_cathedral	4.984541144222021	0.0118190934881567
88799717_8354763928.jpg	547.0	train	st_pauls_cathedral	5.353343898430467	0.0
88777440_520336474.jpg	546.0	train	st_pauls_cathedral	5.335451796650887	0.0312475636601448
88766908_94977045.jpg	545.0	train	st_pauls_cathedral	4.842723555862904	0.0104515478014945
88579510_10885497063.jpg	544.0	train	st_pauls_cathedral	4.596002496778965	0.0
88354361_204085255.jpg	543.0	train	st_pauls_cathedral	4.853551186621189	0.08059062063694
88191110_12249051234.jpg	542.0	train	st_pauls_cathedral	5.406082581728697	0.0215684436261653
88174978_171172373.jpg	541.0	train	st_pauls_cathedral	5.704738508909941	0.0
88095326_6571972013.jpg	540.0	train	st_pauls_cathedral	5.356823589652777	0.0
88075832_10885187075.jpg	539.0	train	st_pauls_cathedral	5.065009232610464	0.0001073932362487
88075226_8375385505.jpg	538.0	train	st_pauls_cathedral	3.475157212466001	0.0
87897753_3597487127.jpg	537.0	train	st_pauls_cathedral	3.811188377439976	0.0
87885954_7770314688.jpg	536.0	train	st_pauls_cathedral	4.996895208954811	0.0627081245183944
87880646_4898923389.jpg	535.0	train	st_pauls_cathedral	5.270331792533398	0.0474263243377208
87646318_3396513400.jpg	534.0	train	st_pauls_cathedral	5.642873179167509	0.0472571887075901
87639851_8232452740.jpg	533.0	train	st_pauls_cathedral	5.317131735384464	0.0208807606250047
87491328_409306708.jpg	532.0	test	st_pauls_cathedral	5.6556454710662365	0.0
87469352_3538862417.jpg	531.0	train	st_pauls_cathedral	5.3957675732672215	0.0840813145041465
87465417_410066754.jpg	530.0	train	st_pauls_cathedral	4.404937792569399	0.1046997159719467
87389732_138449670.jpg	529.0	train	st_pauls_cathedral	5.977873023599386	0.0
87330967_4363996676.jpg	528.0	train	st_pauls_cathedral	5.346686728298664	0.0136499581858515
87212546_424362028.jpg	527.0	train	st_pauls_cathedral	5.068941591307521	0.0005260496400296
87072447_6600246419.jpg	526.0	train	st_pauls_cathedral	4.780621558427811	0.0126841114833951
86871180_3454885771.jpg	525.0	train	st_pauls_cathedral	5.077317260205746	0.0
86811069_6543168763.jpg	524.0	train	st_pauls_cathedral	5.51634119078517	0.0002893897180911
86793288_81064886.jpg	523.0	train	st_pauls_cathedral	4.823048364371061	0.0
86509203_2056890624.jpg	522.0	train	st_pauls_cathedral	5.142744015902281	0.0016283089062198
86387963_3832313553.jpg	521.0	train	st_pauls_cathedral	4.932223297655582	0.0836592242121696
86385769_5453042882.jpg	520.0	train	st_pauls_cathedral	5.654781002551317	0.0087122758850455
86093308_3726830758.jpg	519.0	train	st_pauls_cathedral	5.293435893952847	0.0365421660244464
86078748_6437585937.jpg	518.0	train	st_pauls_cathedral	6.176896758377552	0.0409051328897476
86029178_424362101.jpg	517.0	train	st_pauls_cathedral	5.5488270707428455	0.0004896521568298
85964355_1160771989.jpg	516.0	train	st_pauls_cathedral	5.382171370089054	0.0013783447211608
80965827_3694691465.jpg	515.0	train	st_pauls_cathedral	4.774936243891716	0.0
80851523_8696586093.jpg	514.0	train	st_pauls_cathedral	4.986175261437893	0.0016457312740385
80740723_2169324532.jpg	513.0	train	st_pauls_cathedral	5.299632176756859	0.1326325237751007
80730011_1097622234.jpg	512.0	train	st_pauls_cathedral	5.596202753484249	0.1833630502223968
80653107_473762894.jpg	511.0	train	st_pauls_cathedral	5.546380680054426	0.0
80628023_8657932836.jpg	510.0	train	st_pauls_cathedral	5.418602228164673	0.4825100898742676
80579947_5850830551.jpg	509.0	train	st_pauls_cathedral	5.540795806795359	0.0411167815327644
80449686_511122243.jpg	508.0	train	st_pauls_cathedral	5.547002512961626	0.0609701983630657
80420443_8644508595.jpg	507.0	train	st_pauls_cathedral	5.680013708770275	0.0489960014820098
80333164_8656826961.jpg	506.0	train	st_pauls_cathedral	5.774313762784004	0.5341643691062927
80197287_8565820429.jpg	505.0	train	st_pauls_cathedral	4.788006827235222	0.0
80110833_3198515519.jpg	504.0	train	st_pauls_cathedral	5.263172868639231	0.0326818712055683
80101576_8690066859.jpg	503.0	train	st_pauls_cathedral	4.948550499975681	0.0466047190129756
79963678_424361805.jpg	502.0	train	st_pauls_cathedral	5.189018681645393	0.0475944355130195
79956646_6782974321.jpg	501.0	train	st_pauls_cathedral	4.876761391758919	9.461573790758848e-05
79907102_3247748633.jpg	500.0	train	st_pauls_cathedral	5.280360549688339	0.0005009339074604
79896839_9328569642.jpg	499.0	train	st_pauls_cathedral	5.231998302042484	0.0443526059389114
79620976_3484457330.jpg	498.0	train	st_pauls_cathedral	5.617473643273115	0.0334773957729339
79596774_3973362512.jpg	497.0	train	st_pauls_cathedral	5.390093248337507	0.0318653546273708
79474662_1541081090.jpg	496.0	train	st_pauls_cathedral	5.828719019889832	0.0
79467047_6166196003.jpg	495.0	train	st_pauls_cathedral	5.589055959135294	0.0
79454276_6423703259.jpg	494.0	train	st_pauls_cathedral	5.172975182533264	0.1019930317997932
79319193_7171859026.jpg	493.0	train	st_pauls_cathedral	5.094317905604839	0.085327073931694
79239281_5982040455.jpg	492.0	train	st_pauls_cathedral	5.049945965409279	0.0086590498685836
79196040_2724751930.jpg	491.0	train	st_pauls_cathedral	5.239306330680847	0.0
79100344_12250598976.jpg	490.0	train	st_pauls_cathedral	4.772553130984306	0.0143738528713583
79067648_2193466967.jpg	489.0	train	st_pauls_cathedral	5.119648173451424	0.0014869461301714
79023023_183808253.jpg	488.0	train	st_pauls_cathedral	5.270683512091637	0.0916783809661865
78858636_1084157358.jpg	487.0	train	st_pauls_cathedral	5.435440305620432	0.0016685622977092
78761374_8331325316.jpg	486.0	train	st_pauls_cathedral	4.736919157207012	0.0
78712588_8414408609.jpg	485.0	train	st_pauls_cathedral	5.112665183842182	0.0089796846732497
78631140_6267150042.jpg	484.0	train	st_pauls_cathedral	5.56145366281271	0.0804009586572647
78582770_410620191.jpg	483.0	train	st_pauls_cathedral	5.517509002238512	0.000260932079982
78432755_3089854630.jpg	482.0	train	st_pauls_cathedral	5.000862643122673	0.0040081557817757
78409175_375058357.jpg	481.0	train	st_pauls_cathedral	5.721166666597128	0.0296540111303329
78374973_6677784101.jpg	480.0	train	st_pauls_cathedral	5.2160498686134815	0.0
78352240_3512998930.jpg	479.0	train	st_pauls_cathedral	4.856633871793747	0.0617826618254184
78282734_2663777241.jpg	478.0	test	st_pauls_cathedral	5.497198820114136	0.0
78172907_4888149381.jpg	477.0	train	st_pauls_cathedral	5.749957323074341	0.0023535878863185
78137889_8655002513.jpg	476.0	train	st_pauls_cathedral	5.953929301351309	1.972775680769701e-05
78098197_5849317301.jpg	475.0	train	st_pauls_cathedral	5.376698762178421	0.0008474020869471
78075878_144594348.jpg	474.0	train	st_pauls_cathedral	5.17055094242096	0.0298505462706089
77900679_2502561431.jpg	473.0	train	st_pauls_cathedral	4.814512386918068	0.0757109224796295
77848065_8036953000.jpg	472.0	train	st_pauls_cathedral	5.508209623396397	0.0053568384610116
77766361_4550249821.jpg	471.0	train	st_pauls_cathedral	5.372711412608624	0.068546175956726
77750800_112944072.jpg	470.0	train	st_pauls_cathedral	5.586884211748838	0.0197073072195053
77730672_2187628006.jpg	469.0	train	st_pauls_cathedral	5.408278755843639	0.0317851603031158
77692095_2301164230.jpg	468.0	train	st_pauls_cathedral	5.334563307464123	0.160017505288124
77604135_3526059109.jpg	467.0	train	st_pauls_cathedral	5.6866676695644855	0.0113896941766142
77548016_2090634116.jpg	466.0	train	st_pauls_cathedral	5.214655920863152	0.1428155303001403
77512039_1294023854.jpg	465.0	train	st_pauls_cathedral	4.838127225637436	0.0112228440120816
77160340_9329931708.jpg	464.0	train	st_pauls_cathedral	5.355596531182528	0.0431261993944644
77153490_5932928550.jpg	463.0	train	st_pauls_cathedral	4.929614529013634	0.0567091181874275
77153412_1698133016.jpg	462.0	train	st_pauls_cathedral	4.697948105633259	0.100667729973793
77104863_115838069.jpg	461.0	train	st_pauls_cathedral	4.802055917680264	0.048830971121788
77028432_8158346368.jpg	460.0	train	st_pauls_cathedral	5.443294867873192	0.0026595001108944
77024484_5029083191.jpg	459.0	train	st_pauls_cathedral	4.692112162709236	0.0024095512926578
76928798_5040373228.jpg	458.0	train	st_pauls_cathedral	5.332398600876331	0.002275263890624
76874634_3972143995.jpg	457.0	train	st_pauls_cathedral	5.32590052857995	0.0243282821029424
76696874_8185503949.jpg	456.0	train	st_pauls_cathedral	4.886197380721569	0.0035973354242742
76583865_410066628.jpg	455.0	train	st_pauls_cathedral	4.2277936935424805	0.0542983300983905
76480827_8709609605.jpg	454.0	train	st_pauls_cathedral	5.635415263473988	0.0
76438108_520366715.jpg	453.0	train	st_pauls_cathedral	5.53855487704277	0.1005652695894241
76302715_6756627863.jpg	452.0	train	st_pauls_cathedral	5.117619711905718	0.0620682351291179
76292555_1671173605.jpg	451.0	train	st_pauls_cathedral	5.420953318476677	0.0040100370533764
76268342_3995008754.jpg	450.0	train	st_pauls_cathedral	5.49173142388463	0.0411519519984722
76229288_2620867222.jpg	449.0	train	st_pauls_cathedral	4.354480281472206	0.0
76214667_3701614569.jpg	448.0	train	st_pauls_cathedral	5.158522393554449	0.0
76072058_330233851.jpg	447.0	train	st_pauls_cathedral	4.82359391450882	0.0110438149422407
75906168_9021331.jpg	446.0	train	st_pauls_cathedral	5.095335703343153	0.0
75895862_8290558949.jpg	445.0	train	st_pauls_cathedral	4.7339843809604645	0.0
75782210_5667175068.jpg	444.0	train	st_pauls_cathedral	4.912915974855423	0.1384093314409256
75720012_1300588481.jpg	443.0	train	st_pauls_cathedral	5.0100807175040245	0.0789149478077888
75622914_478683644.jpg	442.0	train	st_pauls_cathedral	5.587452448904514	0.0
75499498_198822641.jpg	441.0	train	st_pauls_cathedral	5.581998836249113	0.0272086523473262
75421800_5039453302.jpg	440.0	train	st_pauls_cathedral	5.327627971768379	0.0
75416676_4363216895.jpg	439.0	train	st_pauls_cathedral	5.070332448929548	0.0617150552570819
75371287_153645967.jpg	438.0	train	st_pauls_cathedral	5.639204822480679	0.0
75319895_8696585631.jpg	437.0	train	st_pauls_cathedral	4.4254198633134365	0.0277577191591262
75309871_2856281995.jpg	436.0	train	st_pauls_cathedral	5.397023361176252	0.0307401623576879
75159309_6237507988.jpg	435.0	train	st_pauls_cathedral	5.16479229927063	0.0123392827808856
75045470_3443011504.jpg	434.0	train	st_pauls_cathedral	5.319689530879259	0.0070852376520633
74628702_527678504.jpg	433.0	train	st_pauls_cathedral	5.43678605556488	0.0217716265469789
74573135_4307728346.jpg	432.0	train	st_pauls_cathedral	4.990344844758511	0.0
74305926_5265918845.jpg	431.0	train	st_pauls_cathedral	5.383159279823303	0.002175256377086
74258768_410618031.jpg	430.0	train	st_pauls_cathedral	5.410442311316729	0.0
74245825_257505900.jpg	429.0	train	st_pauls_cathedral	5.170119576156139	0.0173646919429302
73904535_396575523.jpg	428.0	train	st_pauls_cathedral	5.033898241817951	0.0
73450177_3512193079.jpg	427.0	train	st_pauls_cathedral	4.6432051211595535	0.059935588389635
73446579_6254771569.jpg	426.0	train	st_pauls_cathedral	5.171592563390732	0.0165350697934627
73344134_1541174048.jpg	425.0	train	st_pauls_cathedral	5.540763162076473	0.0
73218945_5410288738.jpg	424.0	train	st_pauls_cathedral	5.439130041748285	0.0007187256705947
73148132_3459817511.jpg	423.0	train	st_pauls_cathedral	5.448287289589644	0.0014390347059816
73132283_4714901221.jpg	422.0	train	st_pauls_cathedral	5.214361134916544	0.0
72927391_4252955061.jpg	421.0	train	st_pauls_cathedral	4.642011512070894	0.0004539708606898
72921906_482978020.jpg	420.0	train	st_pauls_cathedral	5.585783448070288	0.0103978477418422
72783275_3199359396.jpg	419.0	train	st_pauls_cathedral	5.45114416256547	0.0017902095569297
72723226_489604936.jpg	418.0	train	st_pauls_cathedral	4.713816571980715	0.0448464229702949
72684746_2365409204.jpg	417.0	train	st_pauls_cathedral	5.367307882755995	0.0025975997559726
72655822_410619120.jpg	416.0	train	st_pauls_cathedral	5.142358593642712	0.0
72628859_3273690330.jpg	415.0	train	st_pauls_cathedral	5.3356334660202265	0.0011813886230811
72585104_3769333347.jpg	414.0	train	st_pauls_cathedral	5.041841570287943	0.0048369509167969
72516448_2621613217.jpg	413.0	train	st_pauls_cathedral	4.349067140370607	0.0678108930587768
72437251_2300373567.jpg	412.0	train	st_pauls_cathedral	4.809163957834244	0.1120200008153915
72428851_6930601407.jpg	411.0	train	st_pauls_cathedral	5.198628813028336	0.0006033197860233
72419011_510114579.jpg	410.0	train	st_pauls_cathedral	5.381910037249327	0.0775716304779052
72329448_3395694677.jpg	409.0	train	st_pauls_cathedral	5.432768419384956	0.0025800017174333
33418784_3260622521.jpg	198.0	train	st_pauls_cathedral	4.579822167754173	0.0453438572585582
33254418_192112668.jpg	197.0	train	st_pauls_cathedral	5.132534917443991	0.0
32947313_1801148698.jpg	196.0	train	st_pauls_cathedral	5.468426067382097	0.1136675402522087
32921038_2925499378.jpg	195.0	train	st_pauls_cathedral	5.353999339044094	0.0006638514460064
32909596_13855717154.jpg	194.0	train	st_pauls_cathedral	5.195050660520792	0.0
32838745_4212202284.jpg	193.0	train	st_pauls_cathedral	5.241046279668808	0.0913289114832878
32296240_3092909099.jpg	192.0	train	st_pauls_cathedral	4.969936199486256	0.0357776992022991
32186514_8457907440.jpg	191.0	train	st_pauls_cathedral	5.035430014133453	0.0262832939624786
31874588_8650942754.jpg	190.0	train	st_pauls_cathedral	4.731296993792057	0.0224193278700113
31625001_4005740884.jpg	189.0	train	st_pauls_cathedral	4.856029056012631	0.055193830281496
31594419_1541091566.jpg	188.0	train	st_pauls_cathedral	5.89872482419014	0.0017708771629258
31386580_6302270950.jpg	187.0	train	st_pauls_cathedral	5.327249132096767	0.0040136431343853
31192820_8456807133.jpg	186.0	train	st_pauls_cathedral	4.871600762009621	0.0
31055607_5795560563.jpg	185.0	train	st_pauls_cathedral	4.998079106211662	0.0305157545953989
30776973_2635313996.jpg	184.0	train	st_pauls_cathedral	5.27973498031497	0.0009677477064542
30600409_183700112.jpg	183.0	train	st_pauls_cathedral	4.979258827865124	0.0130956200882792
30461430_80880649.jpg	182.0	train	st_pauls_cathedral	5.293682925403118	0.0743868425488472
30334836_12936770043.jpg	181.0	train	st_pauls_cathedral	5.388769082725048	0.1454518884420395
30324987_8277249427.jpg	180.0	train	st_pauls_cathedral	4.979919280856848	0.0
30138760_4726476808.jpg	179.0	train	st_pauls_cathedral	5.5420141518116	0.0
30131807_2551684702.jpg	178.0	train	st_pauls_cathedral	5.242260597646236	0.0006662071100436
29687506_6744340327.jpg	177.0	train	st_pauls_cathedral	5.159997101873159	0.0
29596655_431826204.jpg	176.0	train	st_pauls_cathedral	4.474878817796707	0.0024209786206483
29554256_9647596492.jpg	175.0	train	st_pauls_cathedral	5.360903769731522	0.0
29174605_7176344417.jpg	174.0	train	st_pauls_cathedral	5.271057665348053	0.0
29137875_1898785145.jpg	173.0	train	st_pauls_cathedral	5.494958132505417	0.0008584277820773
29039581_3538872333.jpg	172.0	train	st_pauls_cathedral	5.695816773921251	0.1047200933098793
28969256_156543396.jpg	171.0	train	st_pauls_cathedral	4.830262385308743	0.0
28868724_6451537377.jpg	170.0	train	st_pauls_cathedral	4.247083909809589	0.1004389822483062
28850329_4038914991.jpg	169.0	train	st_pauls_cathedral	5.886114247143269	0.0
28827719_5982596692.jpg	168.0	train	st_pauls_cathedral	5.599420538172126	0.0006162067875266
28764563_2760242265.jpg	167.0	train	st_pauls_cathedral	5.028468880802393	0.0027354478370398
27064989_3849330238.jpg	166.0	train	st_pauls_cathedral	5.2423513643443584	0.1941374093294143
23790024_2978070963.jpg	165.0	train	st_pauls_cathedral	5.50390174984932	0.1101303547620773
23624636_5162872877.jpg	164.0	train	st_pauls_cathedral	4.797436505556107	0.0716180354356765
23597661_1540227653.jpg	163.0	train	st_pauls_cathedral	5.945285402238369	0.0395250953733921
23361753_8531119812.jpg	162.0	train	st_pauls_cathedral	5.028567925095558	0.0033112198580056
23168302_9287800128.jpg	161.0	train	st_pauls_cathedral	4.768173657357693	0.0731629580259323
23104314_2231914658.jpg	160.0	train	st_pauls_cathedral	4.878943454474211	0.0
22909808_2527802120.jpg	159.0	train	st_pauls_cathedral	5.181157384067774	0.0587452240288257
22750302_6119726944.jpg	158.0	train	st_pauls_cathedral	4.570949953049421	0.066610962152481
22667541_3223290388.jpg	157.0	train	st_pauls_cathedral	4.970990560948849	0.0281215850263834
22597499_4761259569.jpg	156.0	train	st_pauls_cathedral	5.1123440861701965	0.0596877485513687
22538952_8039988254.jpg	155.0	train	st_pauls_cathedral	5.116492837667465	0.0082167647778987
22377572_12368699944.jpg	154.0	train	st_pauls_cathedral	5.494952458888292	0.0
22051479_11389229645.jpg	153.0	train	st_pauls_cathedral	4.669836550951004	0.4242120087146759
21554356_128094409.jpg	152.0	train	st_pauls_cathedral	5.312449775636196	0.1884731948375702
21260922_4094863925.jpg	151.0	train	st_pauls_cathedral	4.803909882903099	0.0856922566890716
21221563_458206506.jpg	150.0	train	st_pauls_cathedral	5.294723272323608	0.0500260815024375
21142135_4960622271.jpg	149.0	train	st_pauls_cathedral	5.066558450460434	0.1667371094226837
20967888_9189833310.jpg	148.0	train	st_pauls_cathedral	5.116101287305355	0.0208855718374252
20958518_233223884.jpg	147.0	train	st_pauls_cathedral	5.598251711577177	0.0708548948168754
20929450_4800036127.jpg	146.0	train	st_pauls_cathedral	5.119965065270662	0.0001960944937309
20911364_4537785074.jpg	145.0	train	st_pauls_cathedral	4.909419924020767	0.0258401185274124
20807412_2958009988.jpg	144.0	train	st_pauls_cathedral	4.556308664381504	0.2811275124549866
20798614_3172842911.jpg	143.0	train	st_pauls_cathedral	4.987181514501572	0.0017994858790189
20675161_4351693454.jpg	142.0	train	st_pauls_cathedral	4.672758311033249	0.0666837319731712
20345058_2533245930.jpg	141.0	train	st_pauls_cathedral	4.876617193222046	0.0014151525683701
20320151_3688506507.jpg	140.0	train	st_pauls_cathedral	5.72393249720335	0.1305842846632003
20268122_5536198099.jpg	139.0	train	st_pauls_cathedral	5.350862339138985	0.070379838347435
20261503_8331992914.jpg	138.0	train	st_pauls_cathedral	5.158706173300743	0.0
20255639_13934937744.jpg	137.0	train	st_pauls_cathedral	5.35134906694293	0.0348340794444084
20254945_2718395808.jpg	136.0	train	st_pauls_cathedral	5.113908521831036	0.1254270523786544
20244188_5327939721.jpg	135.0	train	st_pauls_cathedral	4.971241123974323	0.0008337118779309
20239254_119772598.jpg	134.0	train	st_pauls_cathedral	5.430576242506504	0.0
20104326_3517698011.jpg	133.0	train	st_pauls_cathedral	5.467983841896057	0.036273717880249
20098901_3621729444.jpg	132.0	train	st_pauls_cathedral	5.683542732149363	0.0586429126560688
20092264_4482439390.jpg	131.0	train	st_pauls_cathedral	5.1021220572292805	0.0012797532835975
19809772_12368261745.jpg	130.0	train	st_pauls_cathedral	5.282234653830528	0.0509158708155155
19798456_1671537752.jpg	129.0	train	st_pauls_cathedral	5.373072054237127	0.034671988338232
19760614_9409217244.jpg	128.0	train	st_pauls_cathedral	5.4433519542217255	0.0
19750027_343386986.jpg	127.0	train	st_pauls_cathedral	4.958063557744026	0.0
19733239_8716799548.jpg	126.0	train	st_pauls_cathedral	4.86780222505331	0.0454948917031288
19670417_117668166.jpg	125.0	train	st_pauls_cathedral	4.803907185792923	0.1061455756425857
19650531_4536795359.jpg	124.0	train	st_pauls_cathedral	5.895651109516621	0.0693965405225753
19613350_1467874399.jpg	123.0	train	st_pauls_cathedral	5.42624656111002	0.0
19574622_5429340830.jpg	122.0	train	st_pauls_cathedral	4.750624265521765	0.0581063069403171
19450219_2884019708.jpg	121.0	train	st_pauls_cathedral	4.715537238866091	0.0137030677869915
19449304_3235519555.jpg	120.0	train	st_pauls_cathedral	5.598193887621164	0.0541278384625911
19156543_414105990.jpg	119.0	train	st_pauls_cathedral	5.101654715836048	0.0
19084200_5982595798.jpg	118.0	train	st_pauls_cathedral	5.301973542198539	0.0
18817327_6863321426.jpg	117.0	train	st_pauls_cathedral	4.839944988489151	0.1444548368453979
18728149_6961143905.jpg	116.0	train	st_pauls_cathedral	4.540377590805292	2.649866473802831e-06
18459593_8501574729.jpg	115.0	train	st_pauls_cathedral	5.035414814949036	0.0194512866437435
18206585_1326228024.jpg	114.0	train	st_pauls_cathedral	4.908490978181362	0.0418472923338413
18199008_4735587022.jpg	113.0	test	st_pauls_cathedral	5.596053762361407	0.0
18148789_275429299.jpg	112.0	train	st_pauls_cathedral	5.040783490985632	0.0629881173372268
18009039_2159636076.jpg	111.0	train	st_pauls_cathedral	5.078451219946146	0.001321488758549
17864634_5653197641.jpg	110.0	train	st_pauls_cathedral	5.666048660874367	0.0
17654897_3090776556.jpg	109.0	train	st_pauls_cathedral	5.193220101296902	0.1542782634496688
17436373_2588331131.jpg	108.0	train	st_pauls_cathedral	5.154147323220968	1.1198694664926734e-05
17397276_9786402764.jpg	107.0	train	st_pauls_cathedral	5.217076361179352	0.0566648468375206
17267860_5606954682.jpg	106.0	train	st_pauls_cathedral	4.941621355712414	0.2442441582679748
17231712_4606076699.jpg	105.0	train	st_pauls_cathedral	5.032996669411659	0.1185160502791404
17039840_3640486350.jpg	104.0	train	st_pauls_cathedral	5.406146269291639	0.0951041057705879
16950686_8459946808.jpg	103.0	train	st_pauls_cathedral	5.284436337649822	0.0270522665232419
16894231_3531570752.jpg	102.0	train	st_pauls_cathedral	5.481638431549072	0.0007349317311309
16716390_5230930747.jpg	101.0	train	st_pauls_cathedral	5.0704627595841885	0.0028363612946122
16623100_451249888.jpg	100.0	train	st_pauls_cathedral	5.546866212040186	0.0
16512800_2242108388.jpg	99.0	train	st_pauls_cathedral	5.247580628842115	0.0
16357109_9268499577.jpg	98.0	train	st_pauls_cathedral	5.12877294793725	0.0
16327224_4734948259.jpg	97.0	train	st_pauls_cathedral	5.606153065338731	0.0
05555073_3695647463.jpg	46.0	train	st_pauls_cathedral	4.915441319346428	0.0790462270379066
05436300_3736382215.jpg	45.0	train	st_pauls_cathedral	4.981162432581186	0.0365049466490745
05231892_4069310469.jpg	44.0	train	st_pauls_cathedral	4.607439860701561	0.1771101653575897
05112198_5912348767.jpg	43.0	train	st_pauls_cathedral	5.0923003405332565	0.1618835031986236
04939635_5724707434.jpg	42.0	train	st_pauls_cathedral	5.694261364638805	0.0
04913236_119772663.jpg	41.0	train	st_pauls_cathedral	5.037091605365276	0.0220087673515081
04867288_9213440740.jpg	40.0	train	st_pauls_cathedral	5.091449122875929	0.0213008634746074
04828754_9693520555.jpg	39.0	train	st_pauls_cathedral	4.817549780011177	0.0526866540312767
04697565_8331993352.jpg	38.0	train	st_pauls_cathedral	4.929068882018328	0.0157193467020988
04401248_4149377655.jpg	37.0	train	st_pauls_cathedral	5.637570753693581	0.000761101138778
04391986_5428739901.jpg	36.0	train	st_pauls_cathedral	4.806812323629856	0.0
04281442_5667176878.jpg	35.0	train	st_pauls_cathedral	5.623967908322811	0.0
04280735_11731409235.jpg	34.0	train	st_pauls_cathedral	4.812453754246235	0.0226208828389644
04251301_4641070026.jpg	33.0	train	st_pauls_cathedral	5.331845410168171	0.0
04223687_109190093.jpg	32.0	train	st_pauls_cathedral	5.041989825665951	0.011681156232953
04202042_6969595947.jpg	31.0	train	st_pauls_cathedral	5.6581368036568165	0.2152430117130279
04171384_2569070017.jpg	30.0	train	st_pauls_cathedral	5.418798066675663	0.0
04101811_3734529063.jpg	29.0	train	st_pauls_cathedral	5.281352385878563	0.1390189379453659
04038108_7956236402.jpg	28.0	train	st_pauls_cathedral	5.19921800494194	0.0418519042432308
04010276_9233996553.jpg	27.0	train	st_pauls_cathedral	5.165400952100754	0.0584013909101486
03866484_10666067344.jpg	26.0	train	st_pauls_cathedral	5.562973514199257	0.041191529482603
03383038_12952455865.jpg	25.0	train	st_pauls_cathedral	4.270460303872824	0.0053358389995992
03322807_3684259343.jpg	24.0	train	st_pauls_cathedral	5.054406758397818	0.0414519049227237
02796054_3846089993.jpg	23.0	train	st_pauls_cathedral	4.660058610141277	0.0038379873149096
01065157_3875793450.jpg	10.0	train	st_pauls_cathedral	5.400457438081503	0.0013215510407462
01046474_2844536816.jpg	9.0	train	st_pauls_cathedral	5.5287643149495125	0.0
01024897_4276850874.jpg	8.0	train	st_pauls_cathedral	4.867478959262371	0.0492643192410469
00593112_5162872967.jpg	7.0	train	st_pauls_cathedral	4.242920350283384	0.1145930513739585
00550125_12586860275.jpg	6.0	train	st_pauls_cathedral	4.969225578010082	0.1321716755628585
00482244_2939061779.jpg	5.0	train	st_pauls_cathedral	5.135999176651239	0.0
00162897_2573777698.jpg	1.0	train	st_pauls_cathedral	5.24754299223423	0.0011457951040938
00214188_12030836505.jpg	2.0	train	st_pauls_cathedral	4.962087191641331	0.0107581792399287
00262593_2808194632.jpg	3.0	train	st_pauls_cathedral	5.704625368118286	0.0
00397890_3922072189.jpg	4.0	train	st_pauls_cathedral	4.915521010756493	0.0
01092890_971481286.jpg	11.0	train	st_pauls_cathedral	4.7953383438289165	0.0462160818278789
01195078_6302076277.jpg	12.0	train	st_pauls_cathedral	5.341597571969032	0.1186828017234802
01207461_5308976270.jpg	13.0	train	st_pauls_cathedral	5.024541489779949	0.0002845893031917
01316177_6520734803.jpg	14.0	train	st_pauls_cathedral	5.33008585870266	0.0302128884941339
01405760_428260779.jpg	15.0	train	st_pauls_cathedral	5.284886475652456	0.0471456721425056
01609626_305260466.jpg	16.0	train	st_pauls_cathedral	5.2298639714717865	0.078010581433773
01831027_2389520566.jpg	17.0	train	st_pauls_cathedral	5.931750630959868	0.0011510619660839
01880054_7253114302.jpg	18.0	test	st_pauls_cathedral	5.646659623831511	0.0
02139247_2294669227.jpg	19.0	train	st_pauls_cathedral	5.140486538410187	0.0
02426571_4726476582.jpg	20.0	train	st_pauls_cathedral	5.240912042558193	0.0013839722378179
02503155_5020997848.jpg	21.0	train	st_pauls_cathedral	4.846464656293392	0.1030557453632354
02507010_6482269847.jpg	22.0	train	st_pauls_cathedral	4.9649393409490585	0.1506302654743194
05635777_10299076615.jpg	47.0	train	st_pauls_cathedral	4.726803801953793	0.0167779475450515
05641764_12250203953.jpg	48.0	train	st_pauls_cathedral	5.242613151669502	0.0256259273737669
05685213_8353701923.jpg	49.0	train	st_pauls_cathedral	5.0810719802975655	0.0449944138526916
05719717_1698133784.jpg	50.0	train	st_pauls_cathedral	5.020528048276901	0.0
05795058_6803764144.jpg	51.0	train	st_pauls_cathedral	5.221604198217392	0.0374256074428558
06093890_3301669062.jpg	52.0	train	st_pauls_cathedral	5.150580756366253	0.0
06284175_349292724.jpg	53.0	train	st_pauls_cathedral	4.136028625071049	0.015978630632162
06298911_5085015458.jpg	54.0	train	st_pauls_cathedral	5.123450890183449	0.096045583486557
06342502_1571211960.jpg	55.0	train	st_pauls_cathedral	5.386576056480408	0.0013098298804834
06437043_5877955375.jpg	56.0	train	st_pauls_cathedral	5.093710072338581	8.131013601087034e-05
06613127_9696750054.jpg	57.0	train	st_pauls_cathedral	5.579692631959915	0.0857133194804191
06682177_2600519150.jpg	58.0	train	st_pauls_cathedral	5.290047105401754	0.0290188528597354
06687738_2757735814.jpg	59.0	train	st_pauls_cathedral	4.718323513865471	0.0844808220863342
06850079_5924336712.jpg	60.0	train	st_pauls_cathedral	5.280666843056679	0.0182428136467933
07053525_144594298.jpg	61.0	train	st_pauls_cathedral	4.782729156315327	0.0469501204788684
07127770_6944612870.jpg	62.0	test	st_pauls_cathedral	5.406570591032505	0.0
07173502_9664669062.jpg	63.0	train	st_pauls_cathedral	5.521515928208828	0.0287244413048028
07321163_4379894902.jpg	64.0	train	st_pauls_cathedral	4.863531198352575	0.0
07423617_1279963204.jpg	65.0	train	st_pauls_cathedral	5.092925790697336	0.0002746423706412
07613622_9368181062.jpg	66.0	train	st_pauls_cathedral	4.180762711912394	0.0015377636300399
07894309_5375125380.jpg	67.0	train	st_pauls_cathedral	5.54526361823082	0.0631626695394516
08150323_2717577055.jpg	68.0	train	st_pauls_cathedral	5.582292914390564	0.0
08167647_97159954.jpg	69.0	train	st_pauls_cathedral	5.51929347962141	0.0331844054162502
08176129_6393745661.jpg	70.0	train	st_pauls_cathedral	4.244295280426741	0.0197461452335119
08212369_4763831145.jpg	71.0	train	st_pauls_cathedral	5.103813469409943	0.0747728943824768
08424092_344072429.jpg	72.0	train	st_pauls_cathedral	4.634079247713089	0.0670429170131683
08811062_7652433566.jpg	73.0	train	st_pauls_cathedral	5.2572712153196335	0.0673615485429763
08869142_6155122813.jpg	74.0	train	st_pauls_cathedral	4.830696854740381	0.000279674277408
08911833_11169723556.jpg	75.0	train	st_pauls_cathedral	4.779263995587826	0.1133637949824333
09100639_5731759983.jpg	76.0	train	st_pauls_cathedral	5.051063783466816	0.0672848224639892
09101910_313676592.jpg	77.0	train	st_pauls_cathedral	5.558866236358881	0.2532695829868316
09272147_6331287121.jpg	78.0	train	st_pauls_cathedral	5.475165218114853	0.0219224728643894
09383696_8658922004.jpg	79.0	train	st_pauls_cathedral	5.237118512392044	0.3462986946105957
09432467_2453473551.jpg	80.0	train	st_pauls_cathedral	5.692323736846447	0.0031989437993615
09441694_3995872207.jpg	81.0	train	st_pauls_cathedral	5.297880940139294	0.0121251614764332
14761836_5277918813.jpg	82.0	train	st_pauls_cathedral	5.16289497166872	0.0
15330789_4069315829.jpg	83.0	train	st_pauls_cathedral	5.000350378453732	0.1696831881999969
15340635_6286567877.jpg	84.0	train	st_pauls_cathedral	5.768165972083807	0.003818203927949
15350369_3138658584.jpg	85.0	train	st_pauls_cathedral	5.337298020720482	0.0
15389470_4226878977.jpg	86.0	train	st_pauls_cathedral	5.409353151917458	0.0013215510407462
15612718_3987207755.jpg	87.0	train	st_pauls_cathedral	5.123444609344006	0.0033324905671179
15717585_5849870034.jpg	88.0	train	st_pauls_cathedral	5.237432420253754	0.0016954595921561
15772565_8194552508.jpg	89.0	train	st_pauls_cathedral	5.416779100894928	0.0110653033480048
15866879_138904614.jpg	90.0	train	st_pauls_cathedral	5.39904960244894	0.0
15881638_3597486981.jpg	91.0	train	st_pauls_cathedral	4.711866810917854	0.0011788789415732
16225635_9025416201.jpg	92.0	train	st_pauls_cathedral	5.306079158559442	0.0007411841652356
16235258_330234250.jpg	93.0	train	st_pauls_cathedral	4.638844437897205	0.0087639102712273
16273036_6590036823.jpg	94.0	train	st_pauls_cathedral	5.373058259487152	0.0063060815446078
16292129_2588255237.jpg	95.0	train	st_pauls_cathedral	5.414519902318716	0.0
16324897_294035351.jpg	96.0	train	st_pauls_cathedral	5.707313660532236	0.0021380558609962
33525539_6205085879.jpg	199.0	train	st_pauls_cathedral	5.407443672418594	0.0
33664064_6394879475.jpg	200.0	train	st_pauls_cathedral	4.959816865622997	0.02265883423388
33783359_6301735403.jpg	201.0	train	st_pauls_cathedral	4.750239461660385	0.0883641242980957
33790297_4502592800.jpg	202.0	train	st_pauls_cathedral	4.900395937263966	0.0498577803373336
33796215_3179696330.jpg	203.0	train	st_pauls_cathedral	5.123395994305611	0.0913022309541702
33851048_3247953152.jpg	204.0	train	st_pauls_cathedral	4.78744163364172	0.0049514835700392
33913354_2563591619.jpg	205.0	train	st_pauls_cathedral	5.021249257028103	0.0
33944396_323175872.jpg	206.0	train	st_pauls_cathedral	5.603337403386831	0.0002187157515436
34068126_536314305.jpg	207.0	train	st_pauls_cathedral	5.154078915715218	0.0284703597426414
34381859_7319928252.jpg	208.0	train	st_pauls_cathedral	4.850597500801086	0.0022294069640338
34461974_8172455294.jpg	209.0	train	st_pauls_cathedral	5.151321724057198	0.000845244154334
35027905_112883925.jpg	210.0	train	st_pauls_cathedral	5.042875625193119	0.0196280907839536
35195543_94410439.jpg	211.0	train	st_pauls_cathedral	4.79500537365675	0.0104527678340673
35236682_3866876026.jpg	212.0	train	st_pauls_cathedral	5.065084416419268	7.298204582184553e-05
35262394_5652707142.jpg	213.0	train	st_pauls_cathedral	5.26279354467988	0.0480020344257354
35347176_3552943957.jpg	214.0	train	st_pauls_cathedral	5.719908881932497	0.1309338361024856
35481995_5874683838.jpg	215.0	train	st_pauls_cathedral	5.3160815723240376	0.0
35493887_7122683985.jpg	216.0	test	st_pauls_cathedral	5.597035836428404	0.0
35543607_2733008456.jpg	217.0	train	st_pauls_cathedral	5.351526282727718	0.0
35730121_4898849259.jpg	218.0	test	st_pauls_cathedral	5.439466737210751	0.0
35753008_13969218.jpg	219.0	train	st_pauls_cathedral	5.203371305018663	0.0392654836177825
35797911_5433360343.jpg	220.0	train	st_pauls_cathedral	4.581124283373356	0.0105558456853032
35990612_2161513705.jpg	221.0	train	st_pauls_cathedral	4.505626451224089	0.071363553404808
36014502_9533838154.jpg	222.0	train	st_pauls_cathedral	5.168897390365601	1.3276686331664678e-05
36259179_153807078.jpg	223.0	train	st_pauls_cathedral	5.3265489265322685	0.054135899990797
36508790_5233146026.jpg	224.0	train	st_pauls_cathedral	3.1043883245438337	0.0
36603598_1453192565.jpg	225.0	train	st_pauls_cathedral	5.077282715588808	0.0357453636825084
36854787_95503847.jpg	226.0	train	st_pauls_cathedral	4.206278722733259	0.0414626114070415
36924691_6406659277.jpg	227.0	train	st_pauls_cathedral	5.252778261899948	0.0207431595772504
37031536_5918950469.jpg	228.0	train	st_pauls_cathedral	5.231918524950743	0.0197076853364706
37083484_2567698494.jpg	229.0	train	st_pauls_cathedral	5.365357905626297	0.061973713338375
37175263_9450449849.jpg	230.0	train	st_pauls_cathedral	5.290040463209152	0.039270669221878
37206260_4590801722.jpg	231.0	train	st_pauls_cathedral	5.012049473822117	0.1891567409038543
37315684_2905900255.jpg	232.0	train	st_pauls_cathedral	5.223071489483118	0.0
37347628_10902811376.jpg	233.0	train	st_pauls_cathedral	5.053572736680508	0.1799469888210296
37390914_385312393.jpg	234.0	train	st_pauls_cathedral	5.832662291824818	0.0
37580415_6270260950.jpg	235.0	train	st_pauls_cathedral	5.323074243962765	0.0174209643155336
37670824_2154551459.jpg	236.0	train	st_pauls_cathedral	5.788487173616886	0.0043811853975057
37863559_4180603861.jpg	237.0	train	st_pauls_cathedral	5.423567671328783	0.0484022013843059
37882007_4537786294.jpg	238.0	train	st_pauls_cathedral	4.985854238271713	0.0128238443285226
37891131_11165782483.jpg	239.0	train	st_pauls_cathedral	5.034188997000456	0.0
37946625_20997498.jpg	240.0	train	st_pauls_cathedral	4.657571956515312	0.0
43098554_2567707606.jpg	241.0	train	st_pauls_cathedral	5.315953597426415	0.0155281899496912
43153665_6098486135.jpg	242.0	train	st_pauls_cathedral	4.451866302639246	0.0005663316114805
43305420_2502235648.jpg	243.0	train	st_pauls_cathedral	5.088612157851458	0.0268920995295047
43374295_5092794275.jpg	244.0	train	st_pauls_cathedral	5.47975180670619	0.0578717067837715
43573928_4799703434.jpg	245.0	train	st_pauls_cathedral	5.903691060841084	0.4983184337615967
43577770_11847826274.jpg	246.0	train	st_pauls_cathedral	5.078005267307162	0.0
43920096_10906605833.jpg	247.0	train	st_pauls_cathedral	5.076965369284153	0.2442008554935455
44160609_6465554263.jpg	248.0	train	st_pauls_cathedral	5.075021214783192	0.0
44290248_5970904307.jpg	249.0	train	st_pauls_cathedral	5.03671295195818	0.0583964064717292
44942033_2073994559.jpg	250.0	train	st_pauls_cathedral	5.164251241832972	0.0005281402845866
44973990_2581083805.jpg	251.0	train	st_pauls_cathedral	5.4012393690645695	0.1318278610706329
45065469_259502235.jpg	252.0	train	st_pauls_cathedral	5.252358987927437	0.0
45205369_5143599587.jpg	253.0	train	st_pauls_cathedral	5.495290540158749	0.2307896018028259
45503043_3538865699.jpg	254.0	train	st_pauls_cathedral	5.157350178807974	0.0660289302468299
45655486_4053263103.jpg	255.0	train	st_pauls_cathedral	5.072749357670546	0.0107638258486986
45668240_2467164.jpg	256.0	train	st_pauls_cathedral	4.889286570250988	0.0185309164226055
45675640_4626783127.jpg	257.0	train	st_pauls_cathedral	5.572091367095709	0.0919399335980415
45685596_2848901240.jpg	258.0	train	st_pauls_cathedral	5.397874690592289	0.0228737015277147
45696543_4631930386.jpg	259.0	train	st_pauls_cathedral	5.202083580195904	0.0909931063652038
45884178_4648913169.jpg	260.0	train	st_pauls_cathedral	5.42634105309844	0.0179094728082418
45888429_87634782.jpg	261.0	train	st_pauls_cathedral	5.17969748005271	0.0
46266260_3348401783.jpg	262.0	train	st_pauls_cathedral	5.046983126550913	0.0716962441802024
46786188_2099013469.jpg	263.0	train	st_pauls_cathedral	5.303083941340447	0.0
46798036_5221965854.jpg	264.0	train	st_pauls_cathedral	4.922079171985388	0.0007147085852921
47016883_2394592822.jpg	265.0	train	st_pauls_cathedral	4.948843512684107	0.0476163513958454
47300577_6254970696.jpg	266.0	train	st_pauls_cathedral	5.29413528740406	0.1781499236822128
47389825_5983277496.jpg	267.0	train	st_pauls_cathedral	5.345353458076716	0.0
47552538_8236638213.jpg	268.0	train	st_pauls_cathedral	5.0750488340854645	0.0132538387551903
47596709_52091913.jpg	269.0	train	st_pauls_cathedral	4.854806341230869	0.0805831849575042
47643007_6652360459.jpg	270.0	train	st_pauls_cathedral	4.516626924276352	0.1179360002279281
47854767_3623008711.jpg	271.0	train	st_pauls_cathedral	5.105556324124336	0.0
47914593_6251014013.jpg	272.0	train	st_pauls_cathedral	4.825801841914654	0.3186583518981933
48020867_463213126.jpg	273.0	train	st_pauls_cathedral	5.94141273573041	0.0448844581842422
48256290_4727047656.jpg	274.0	train	st_pauls_cathedral	5.003298342227936	0.0585177168250083
48298153_373030198.jpg	275.0	train	st_pauls_cathedral	5.278102740645409	0.1470798552036285
48358427_3896668101.jpg	276.0	train	st_pauls_cathedral	4.503558736294508	0.0454097762703895
48394931_3272861989.jpg	277.0	train	st_pauls_cathedral	5.781660478562117	0.0001796985015971
48560331_5213707699.jpg	278.0	train	st_pauls_cathedral	5.556627698242664	0.0433642268180847
48617661_5184270075.jpg	279.0	train	st_pauls_cathedral	5.215947814285755	0.0
48779683_6852385253.jpg	280.0	train	st_pauls_cathedral	5.009619832038879	0.0356084667146205
48937885_339936250.jpg	281.0	train	st_pauls_cathedral	5.047072164714336	0.0009615384042263
48968078_4263197755.jpg	282.0	train	st_pauls_cathedral	4.795885842293501	0.0067522013559937
49041734_3030871690.jpg	283.0	train	st_pauls_cathedral	5.445998623967171	0.2110630124807357
49096510_3689307948.jpg	284.0	train	st_pauls_cathedral	5.73861875757575	0.0685706585645675
49315113_8501218407.jpg	285.0	train	st_pauls_cathedral	5.081377822905779	0.0152188017964363
49523263_2763776233.jpg	286.0	train	st_pauls_cathedral	5.065025106072426	0.0
49739029_7090067565.jpg	287.0	train	st_pauls_cathedral	5.601798988878727	0.1449353396892547
49815300_2779428332.jpg	288.0	train	st_pauls_cathedral	5.262556657195091	0.0970828011631965
49870532_3517698165.jpg	289.0	train	st_pauls_cathedral	4.2983911000192165	0.0594067052006721
49961558_6323860989.jpg	290.0	train	st_pauls_cathedral	5.6246277540922165	0.02989530749619
50015054_5731757063.jpg	291.0	train	st_pauls_cathedral	4.620605662465096	0.0014796897303313
50051127_464320147.jpg	292.0	train	st_pauls_cathedral	5.701561886817217	0.1769776791334152
50134568_5607401795.jpg	293.0	train	st_pauls_cathedral	4.941621355712414	0.2442441582679748
50489690_5320746035.jpg	294.0	train	st_pauls_cathedral	4.703819617629051	0.0250398460775613
50573068_5271881926.jpg	295.0	train	st_pauls_cathedral	5.531299576163292	0.0
50723222_162308427.jpg	296.0	train	st_pauls_cathedral	4.473398275673389	0.1004927456378936
50773232_3726796774.jpg	297.0	train	st_pauls_cathedral	5.037885818630457	0.0175081901252269
50777283_4936535855.jpg	298.0	train	st_pauls_cathedral	5.128570050001144	0.0335490256547927
50826174_580528488.jpg	299.0	train	st_pauls_cathedral	4.943483948707581	0.0009454949758946
50916072_3688498795.jpg	300.0	train	st_pauls_cathedral	4.98378524184227	0.1217136457562446
51592699_1165340842.jpg	301.0	train	st_pauls_cathedral	5.161318115890026	0.2429957836866378
51765627_2376275904.jpg	302.0	train	st_pauls_cathedral	5.11146430298686	9.743431292008609e-06
57396867_1162831381.jpg	303.0	train	st_pauls_cathedral	5.697169125080109	0.0
57622826_4530932320.jpg	304.0	train	st_pauls_cathedral	4.856020912528038	0.0815076604485511
57924563_2548273858.jpg	305.0	train	st_pauls_cathedral	4.739435747265816	0.0353125743567943
58085666_6451527089.jpg	306.0	train	st_pauls_cathedral	5.387027397751808	0.0349756479263305
58326617_3236365572.jpg	307.0	train	st_pauls_cathedral	5.091202419251204	0.1006200313568115
58506854_12049900.jpg	308.0	train	st_pauls_cathedral	5.341367792338133	6.422475962608587e-06
58552748_5364703290.jpg	309.0	train	st_pauls_cathedral	5.09032953158021	0.0
58578589_5716562664.jpg	310.0	train	st_pauls_cathedral	5.121897354722023	0.0309916157275438
58784968_2848068785.jpg	311.0	train	st_pauls_cathedral	5.291674919426441	0.0103996694087982
59219179_4734929803.jpg	312.0	train	st_pauls_cathedral	4.963777307420969	0.0
59351891_5209994388.jpg	313.0	train	st_pauls_cathedral	4.668156627565622	0.0030542172025889
59618474_1416525086.jpg	314.0	train	st_pauls_cathedral	5.023531369864941	0.0005846355343237
59782267_5874679276.jpg	315.0	train	st_pauls_cathedral	4.737381335347891	0.0040384456515312
60025920_424361737.jpg	316.0	train	st_pauls_cathedral	5.522242408245802	0.0518193952739238
60041867_1806481906.jpg	317.0	train	st_pauls_cathedral	5.776789791882038	0.0052742613479495
60046937_167213677.jpg	318.0	train	st_pauls_cathedral	4.925686709582806	0.0541256554424762
60155766_8376459916.jpg	319.0	train	st_pauls_cathedral	5.064230993390083	0.0502007454633712
60178844_5377589147.jpg	320.0	train	st_pauls_cathedral	4.777192801237106	0.0
60353338_5982037009.jpg	321.0	train	st_pauls_cathedral	5.076713088899851	0.0002407046267762
60543738_3905572315.jpg	322.0	train	st_pauls_cathedral	5.253529965877533	0.0
60576713_6612091735.jpg	323.0	train	st_pauls_cathedral	4.878541238605976	0.0245568566024303
60722656_5667173102.jpg	324.0	test	st_pauls_cathedral	5.380230387672782	0.0
60854084_3770134368.jpg	325.0	train	st_pauls_cathedral	5.262816425412893	0.0013347169151529
60904467_330234484.jpg	326.0	train	st_pauls_cathedral	4.545097179710865	0.0090316263958811
61122520_9405023864.jpg	327.0	train	st_pauls_cathedral	5.195151187479496	0.0821814090013504
61255246_2616392849.jpg	328.0	train	st_pauls_cathedral	4.681751906871796	0.0018192313145846
61359543_7319932086.jpg	329.0	train	st_pauls_cathedral	5.040575105696917	0.0444703958928585
61395218_12791057823.jpg	330.0	train	st_pauls_cathedral	5.545460306107998	0.1071533411741256
61470946_5084421715.jpg	331.0	train	st_pauls_cathedral	5.711402840912342	0.0531513914465904
61499819_8185541808.jpg	332.0	train	st_pauls_cathedral	5.366715274751186	0.0
61525820_3539687220.jpg	333.0	train	st_pauls_cathedral	5.195909410715103	0.0890411883592605
61546063_1303044942.jpg	334.0	train	st_pauls_cathedral	5.10511539503932	0.0
61565132_8158727335.jpg	335.0	train	st_pauls_cathedral	5.4541307259351015	0.0017965092556551
61807724_1294024524.jpg	337.0	train	st_pauls_cathedral	5.593547094613314	0.1179685965180397
61885596_4253724960.jpg	338.0	train	st_pauls_cathedral	5.018354006111622	0.0
61928556_183808445.jpg	339.0	train	st_pauls_cathedral	5.496326550841332	0.0883162543177604
62128087_8691185414.jpg	340.0	train	st_pauls_cathedral	4.6802027598023415	0.0601171888411045
62185039_2422663374.jpg	341.0	train	st_pauls_cathedral	5.473386228084564	0.0624109581112861
62231860_3222623432.jpg	342.0	train	st_pauls_cathedral	5.514297980815172	0.0121340649202466
62294687_8656172024.jpg	343.0	train	st_pauls_cathedral	4.981543228030205	0.079584851861
62295984_6069707235.jpg	344.0	train	st_pauls_cathedral	5.449615020304918	0.0634119734168052
62353676_286108565.jpg	345.0	train	st_pauls_cathedral	5.444206044077873	0.0305418502539396
62428737_3841638240.jpg	346.0	train	st_pauls_cathedral	4.953559443354607	0.013248698785901
62578627_4206857628.jpg	347.0	train	st_pauls_cathedral	5.029532324522734	0.0016595273045822
62607113_6823469876.jpg	348.0	train	st_pauls_cathedral	5.86924634128809	0.2360030114650726
62683867_5924337162.jpg	349.0	train	st_pauls_cathedral	5.4199924767017365	0.0027208330575376
62791107_4284958026.jpg	350.0	train	st_pauls_cathedral	5.388683371245861	0.0390532687306404
62813483_8289412815.jpg	351.0	train	st_pauls_cathedral	4.954121746122837	0.0
62837228_5299508393.jpg	352.0	train	st_pauls_cathedral	4.989252027124167	0.0008606819319538
62863183_527769429.jpg	353.0	train	st_pauls_cathedral	5.312471203505993	0.0295923687517642
62956072_1322980292.jpg	354.0	train	st_pauls_cathedral	4.990474455058575	0.0656684339046478
63030934_164451351.jpg	355.0	train	st_pauls_cathedral	4.47462236136198	0.0025100426282733
63162714_8395296503.jpg	356.0	train	st_pauls_cathedral	4.91971018910408	0.0073659350164234
63184016_3221774427.jpg	357.0	train	st_pauls_cathedral	4.990471877157688	0.0757582336664199
63194522_5375126264.jpg	358.0	train	st_pauls_cathedral	5.136059544980526	0.0735295191407203
63402085_5196608176.jpg	359.0	train	st_pauls_cathedral	4.957230173051357	0.0391840562224388
63407992_144594399.jpg	360.0	train	st_pauls_cathedral	5.164742235094309	0.0296669527888298
63464824_2041524685.jpg	361.0	train	st_pauls_cathedral	4.937967784702778	0.0020775450393557
63608693_4550249661.jpg	362.0	train	st_pauls_cathedral	5.281465575098991	0.0395836494863033
63611663_6036950031.jpg	363.0	train	st_pauls_cathedral	5.978182792663574	0.1580698788166046
63713722_2485965959.jpg	364.0	train	st_pauls_cathedral	5.02410539239645	0.0200238618999719
63729347_6080534867.jpg	365.0	train	st_pauls_cathedral	5.29346439614892	0.0
63837303_95504159.jpg	366.0	train	st_pauls_cathedral	5.175074191763997	0.0004097856872249
63872067_2580089824.jpg	367.0	train	st_pauls_cathedral	5.309720069169998	0.0
63912435_4482073108.jpg	368.0	train	st_pauls_cathedral	4.878990679979324	0.1650857478380203
64012249_9465752409.jpg	369.0	train	st_pauls_cathedral	4.759604506194592	0.0028156519401818
64128251_6254871485.jpg	370.0	train	st_pauls_cathedral	5.429060161113739	0.0005328805418685
64178508_2848319812.jpg	371.0	train	st_pauls_cathedral	5.248634904623032	0.0010653812205418
64216790_6840691073.jpg	372.0	train	st_pauls_cathedral	4.882587909698486	0.0410355292260646
64316427_6253506966.jpg	373.0	train	st_pauls_cathedral	5.14616896212101	0.0379701517522335
64549089_10102705485.jpg	374.0	train	st_pauls_cathedral	3.290671031922102	0.0
64598994_2796727575.jpg	375.0	train	st_pauls_cathedral	4.98313856869936	0.0855233594775199
64636155_2041520985.jpg	376.0	train	st_pauls_cathedral	4.839232161641121	0.0489591918885707
64682734_3599756412.jpg	377.0	train	st_pauls_cathedral	5.524519024416804	0.0076143248006701
64684364_2174886426.jpg	378.0	train	st_pauls_cathedral	5.36931299045682	0.0009493430843576
64713204_2168533087.jpg	379.0	train	st_pauls_cathedral	5.289473816752434	0.125526487827301
64860189_321286355.jpg	380.0	train	st_pauls_cathedral	4.791072860360146	0.025195512920618
65075476_1301458516.jpg	381.0	train	st_pauls_cathedral	4.85740415379405	0.0
65355222_10666107726.jpg	382.0	train	st_pauls_cathedral	5.466633826494217	0.0788481906056404
65406857_5849308747.jpg	383.0	train	st_pauls_cathedral	4.9799553491175175	0.0
65563178_8107939351.jpg	384.0	train	st_pauls_cathedral	4.680388353765011	0.1380601078271865
65579340_8658903934.jpg	385.0	train	st_pauls_cathedral	4.981336068361998	0.0340399295091629
65592328_2848321300.jpg	386.0	train	st_pauls_cathedral	5.274589397013187	0.0
65831349_3442193709.jpg	387.0	train	st_pauls_cathedral	5.051970113068819	0.0380628667771816
65832210_276415064.jpg	388.0	train	st_pauls_cathedral	4.989764899015427	0.0430232211947441
65884565_1671548680.jpg	389.0	train	st_pauls_cathedral	5.068663695827127	0.0
65936305_7224343890.jpg	390.0	train	st_pauls_cathedral	5.088006258010864	0.0543783865869045
66000253_7189140937.jpg	391.0	train	st_pauls_cathedral	5.155864737927914	0.0692449957132339
66084499_424361970.jpg	392.0	train	st_pauls_cathedral	5.469799634069204	0.0
66095423_6623249375.jpg	393.0	train	st_pauls_cathedral	5.116054058074951	0.0709713697433471
66235659_2635311972.jpg	394.0	train	st_pauls_cathedral	4.91330124437809	0.0010377219878137
66267551_2375169057.jpg	395.0	train	st_pauls_cathedral	5.120499484241009	0.0519632808864116
66281560_69430718.jpg	396.0	train	st_pauls_cathedral	5.174943160265684	0.002089544897899
66354598_8658993474.jpg	397.0	train	st_pauls_cathedral	5.014596737921238	0.2744084298610687
66395739_6290446482.jpg	398.0	train	st_pauls_cathedral	5.103438705205917	0.2241195440292358
66480958_6840484951.jpg	399.0	train	st_pauls_cathedral	4.605259418487549	0.0
66491690_7540789880.jpg	400.0	train	st_pauls_cathedral	5.431966744363308	0.064158871769905
66586517_10102749466.jpg	401.0	train	st_pauls_cathedral	3.2219968009740114	0.0903178229928016
66724713_4601204791.jpg	402.0	train	st_pauls_cathedral	5.659577002748847	0.0129483975470066
71708463_8563782122.jpg	403.0	train	st_pauls_cathedral	5.243782922625542	0.054179098457098
71726636_994351864.jpg	404.0	train	st_pauls_cathedral	5.308857791125774	0.0
71847013_2485566661.jpg	405.0	train	st_pauls_cathedral	4.62843694537878	0.0611546859145164
72096779_4094374866.jpg	406.0	train	st_pauls_cathedral	4.6352537870407104	0.0249934215098619
72125766_3947493463.jpg	407.0	train	st_pauls_cathedral	4.674190804362297	0.0927006751298904
72201072_410621505.jpg	408.0	train	st_pauls_cathedral	4.251918483525515	0.0317506454885005
